Rank,Value,Player Name,Rounds,Player ID
1,2840.0,"CHAGA07",34011,"WySi0ZjP"
2,2828.0,"ugly2333",6016,"Xgu8vJbb"
3,2806.0,"CHAGA02",34426,"NpduDFKF"
4,2736.0,"有限鲤鱼机",6778,"Y4PofoUU"
5,2703.0,"Null",544,"SSCpMwkE"
6,2682.0,"bdbw99",2152,"GkAxvMvR"
7,2671.0,"萌新99",4465,"3WjMHk6N"
8,2659.0,"门清一摸五",8373,"qs2cPjWJ"
9,2656.0,"laitedao",8455,"bQWN6CzF"
10,2654.0,"关关雎鸠2024",4265,"Qq1rQCKh"
11,2632.0,"东西喵",3623,"NTiMPvBY"
12,2631.0,"alaya23",5344,"gaHB4QjF"
13,2626.0,"Mikoto",2487,"AnfGv2Fz"
14,2623.0,"随机性2025",2400,"3vmrgYGt"
15,2619.0,"lusika",2816,"mskbTdYM"
16,2606.0,"梦幻情怀",705,"9jK7y098"
17,2599.0,"liuachun",1712,"4Rysrx8K"
18,2592.0,"椎名真白",3607,"kY36gExs"
19,2591.0,"Encyclopedia",7631,"F0FpDopU"
20,2581.0,"真随机",2755,"BR9xamFF"
21,2581.0,"芋蔗",299,"jTXsae2E"
22,2574.0,"国标菜鸡",2096,"M10pyWPn"
23,2574.0,"立花明明子",5968,"GS6Cy4th"
24,2573.0,"绚彩蓝",4660,"DvQeeBKB"
25,2571.0,"茅老道",7368,"kFAM1LVx"
26,2561.0,"Gompyn",1048,"p8rBnDPf"
27,2561.0,"吴下阿濛",1873,"A6F2TJZs"
28,2561.0,"襄下樊人",8190,"qX2Vddw6"
29,2557.0,"东方雁",2773,"q8ba1j0x"
30,2555.0,"龙骧",368,"r8Sy98LQ"
31,2549.0,"玖柒、97",2496,"24v2WTvo"
32,2546.0,"SSSFFF",4800,"q54ZGx8F"
33,2543.0,"专打Jencese",1344,"HoCgYxbV"
34,2542.0,"黑一色",2260,"m1NhYUrF"
35,2531.0,"弗兰基",2688,"8zQP4TDV"
36,2531.0,"薄荷犬",6704,"orU9BPUU"
37,2529.0,"CHAGA03",34262,"hNEQmgMK"
38,2529.0,"CHAGA06",1844,"XXL9nHG0"
39,2528.0,"王洋",4445,"4u3Wyyjo"
40,2524.0,"小龙女",10572,"7WK1gK48"
41,2524.0,"晴天",4000,"44avAyBg"
42,2523.0,"婆罗摩笈多",2464,"Y2TfADoJ"
43,2523.0,"空白",3504,"stXspKpk"
44,2522.0,"Buffon",4340,"RDHBMeMi"
45,2521.0,"Jencese",11368,"fVSRiMYY"
46,2517.0,"轻轻的飘",2176,"FUx4Taer"
47,2515.0,"酱油蛙",5447,"xB4mPrSb"
48,2513.0,"kiki",1492,"6YqgLrQZ"
49,2513.0,"嗯好可以行",6273,"KXcTcskS"
50,2511.0,"典狱长",576,"ctDaTtix"
51,2505.0,"神人",1971,"avRRQehb"
52,2504.0,"AvaMax",368,"nxUx5tzD"
53,2502.0,"Zazaka",5359,"QTLFDuyo"
54,2502.0,"报复社会",448,"q74qTna8"
55,2499.0,"猫猫今天吃啥",4010,"qaWUmWTs"
56,2499.0,"菜鸟坟墓",9356,"UmvL3dwz"
57,2495.0,"未济",6736,"Yn1n25uB"
58,2494.0,"叮叮",2329,"hLMg21yC"
59,2491.0,"理论力学",4408,"ZaL3gSe4"
60,2490.0,"萌新大白獭",7819,"VqDyhii1"
61,2486.0,"仓田真白",3192,"bkNyopXz"
62,2485.0,"檐下风铃",1424,"icY94fD7"
63,2482.0,"麻哥",5024,"29ADr5se"
64,2481.0,"羽未",1946,"uVXxbfBS"
65,2479.0,"CHAGA08",33138,"7XnjdNdo"
66,2479.0,"Jux",9859,"vD06jvsw"
67,2479.0,"桂雏菊",288,"AyJ4fZun"
68,2475.0,"错和紫乌龟",1168,"AqLMJVMa"
69,2473.0,"Magallan",784,"pTtchss2"
70,2467.0,"药渣",3532,"pyJoaEpr"
71,2466.0,"狗",608,"hrXnoJNB"
72,2464.0,"方片杰克",740,"bHBx5LYN"
73,2464.0,"昏睡猫投降喵",1056,"30EqLPfp"
74,2461.0,"自摸七对",1892,"d9aAh1ii"
75,2460.0,"易北北",4811,"qbEHCMTy"
76,2459.0,"pluto",2880,"YKLR5T9f"
77,2459.0,"冰雪看看",6975,"uAZfMH4V"
78,2457.0,"Natsumi",32,"EaJxcQrQ"
79,2454.0,"神里绫人",960,"7A5P9169"
80,2452.0,"Natsuki",144,"qixNz9eG"
81,2452.0,"Serendipity",1184,"2sRj7Bbc"
82,2452.0,"sdmt",1416,"XZE4kPHS"
83,2451.0,"望月穗波",160,"1aUSQYT8"
84,2450.0,"小玖",7851,"WeQGP3vr"
85,2448.0,"geruome",4247,"DGxzBfVt"
86,2448.0,"尾翼",4486,"Pni9WiFR"
87,2448.0,"看雪飘过",5595,"WPsjXNpL"
88,2446.0,"青緺",6366,"gwi2CMJn"
89,2445.0,"CHAGA01",34959,"ATAaGdpW"
90,2445.0,"Koucha",1200,"90xbroVz"
91,2444.0,"YOUGA",1328,"QFvdAKFx"
92,2444.0,"萌新100",672,"EYCeLBCM"
93,2443.0,"北风萧霄2",640,"jZqCsCo1"
94,2443.0,"格兰",5964,"4Y3q5hta"
95,2443.0,"青鳞",1810,"SZgdCSR7"
96,2442.0,"国麻萧寒",19871,"0Tnq4yaT"
97,2442.0,"星官之夏",1501,"6onfvYMy"
98,2442.0,"随便玩玩儿",5033,"kd1iAJWk"
99,2440.0,"Bryce",1120,"g1TryyPP"
100,2440.0,"一色儿",224,"1WNduYyJ"
101,2438.0,"蛋黄派派",1680,"YfHWEeqy"
102,2436.0,"Hongstone",992,"fKwrLGP4"
103,2435.0,"林嘿嘿2号",1568,"iFBQEH90"
104,2434.0,"莫莫柴",576,"S2uSoczk"
105,2433.0,"美竹兰",704,"1f49hTUs"
106,2431.0,"Nekkoya",1792,"uhpzyemJ"
107,2430.0,"AGAHC",1408,"0ofQPtQF"
108,2430.0,"才久",848,"oiWRqJBt"
109,2430.0,"祥子大叔",1360,"sh68wh0r"
110,2428.0,"冰雪分类",4558,"PMHXhqkQ"
111,2427.0,"灯波月华",3931,"7bFk8wuV"
112,2426.0,"不知苦",1762,"gqxDmsqy"
113,2426.0,"立又",2784,"EfPCXCFk"
114,2426.0,"虹村雪",1816,"ah6aP1e1"
115,2424.0,"Chadvent",1120,"u8ZPASnH"
116,2424.0,"zumgze",880,"L5WHYd7E"
117,2423.0,"yamipi2333",176,"E54eDc6e"
118,2423.0,"路辺三條",32,"USXzdyEu"
119,2421.0,"低级泰坦",5912,"57uYq2fM"
120,2421.0,"飞刀",4397,"Pk0CM71e"
121,2420.0,"戮默",1664,"okSCAqT9"
122,2419.0,"凯旋之愿",1616,"wLsDhviv"
123,2417.0,"Stellar",192,"9bsp2mTq"
124,2417.0,"大仙人",4172,"LK5AP69e"
125,2416.0,"诈胡战士",656,"XbxQ402J"
126,2415.0,"Inf",3936,"tWg9TVN9"
127,2414.0,"NotANumber",1328,"YdHFSWsQ"
128,2414.0,"灬",4416,"F9pPPZnX"
129,2413.0,"玖儿",112,"UUTnNAwk"
130,2413.0,"理查德",5120,"uqY4Mkcy"
131,2413.0,"菱钻奇宝",16,"LM5SZviT"
132,2412.0,"二阶堂真红",576,"17SpuPa8"
133,2412.0,"壹玖陆and417",73,"iNo7QfKc"
134,2412.0,"德之邻",1848,"EaBSHb2R"
135,2411.0,"Kevin酱",16,"AaroHJjh"
136,2411.0,"kima",6720,"TLC1TTGE"
137,2411.0,"木子十甫寸",32,"SeHpim8r"
138,2410.0,"CHAGA05",13,"sPqUgxbC"
139,2410.0,"Krtecek",1513,"gjmEi2eJ"
140,2409.0,"FrAtk",720,"x2PELdJx"
141,2409.0,"otssmyha",128,"jKw9QG0J"
142,2409.0,"saltydog",3024,"HoFi9re4"
143,2409.0,"青一色",48,"ckWUh4ND"
144,2408.0,"KaneSHEN",2557,"VeYAiyuF"
145,2407.0,"工藤新一",288,"Dmed0z43"
146,2407.0,"明绣",608,"4GoSieSF"
147,2407.0,"求求人",144,"oSSKxZyp"
148,2406.0,"KomeijiMarin",272,"MJwZWXDV"
149,2406.0,"鸡肉拉伤",170,"xB4k19sL"
150,2404.0,"琳雨空",1311,"DgN0Ajsy"
151,2403.0,"追影",1628,"byorfXw2"
152,2402.0,"小笨鸟",7214,"b7dxxKoV"
153,2402.0,"路边一条",64,"Q24bKFLP"
154,2402.0,"青雀",1264,"YPSDbSwr"
155,2401.0,"菜包子",48,"qzA8yshY"
156,2400.0,"喵爹真不是咪",15473,"bJoBUb9o"
157,2400.0,"迫落",616,"3GtKSgAp"
158,2400.0,"重生我是牢大",16,"rrnzeDqE"
159,2399.0,"Lemontruth",1875,"ebTd9Zog"
160,2399.0,"xiong",4117,"hgyofHKx"
161,2399.0,"摇晃曾经",240,"nzPBSd3t"
162,2399.0,"狼",48,"fX2eiuhe"
163,2398.0,"Buhlava",346,"42zeQ28g"
164,2398.0,"四方雀者",844,"j6xx699F"
165,2397.0,"PP大公主",48,"6ERnbKJZ"
166,2397.0,"不在勿扰",464,"YAYtapzS"
167,2397.0,"打九万来九万",2150,"sXTKKQEd"
168,2397.0,"无问西东2025",32,"Ad6K9iYP"
169,2397.0,"油泵",960,"RMN40tZX"
170,2396.0,"CHAGA04",34659,"CfQFk9C9"
171,2396.0,"演员",16,"ApcXUyxe"
172,2396.0,"破破",992,"Xi4zMw7L"
173,2395.0,"啊我是谁",1536,"eQHfSdmv"
174,2395.0,"折一尾纸鸢",416,"VHwmKEC7"
175,2395.0,"疯帽子",128,"DNkHEE6G"
176,2394.0,"丛雨ちゃん",928,"JJnqofej"
177,2394.0,"冷欺花",16,"eNSkhkxB"
178,2393.0,"Innnnnfinity",2240,"EfLAvKYG"
179,2392.0,"相川まりえ",3567,"tygfuFxJ"
180,2392.0,"门清大师兄",48,"065RqFCQ"
181,2389.0,"正确每一打",2572,"TCBGVVGA"
182,2388.0,"只打八万",6557,"c7YNgemE"
183,2388.0,"衔蝉幽客",448,"W75zJtzi"
184,2388.0,"青竜",480,"LHiq5JMp"
185,2387.0,"ZJU国标分队3",340,"wEjGEyqS"
186,2387.0,"希岸子",5598,"9cee5UkN"
187,2387.0,"游戏",16,"iT2ZhZTw"
188,2386.0,"Han韩",48,"SUA5Ka19"
189,2386.0,"一妖",496,"wrhSMtes"
190,2386.0,"好不容易找来",5188,"V9uY7rcz"
191,2386.0,"搞子",1392,"5J2HDEXS"
192,2386.0,"瓜瓜瓜宸",832,"8xUEZuik"
193,2385.0,"jencese",32,"F598tgK2"
194,2385.0,"胡牌大师",16,"EAgo18Sx"
195,2384.0,"B站23129315",96,"kPzNsmp7"
196,2384.0,"Doge",159,"DF5ET0y5"
197,2383.0,"hyperon",3160,"cZuxz3CB"
198,2383.0,"喵可莉",3225,"eog9hEua"
199,2383.0,"花开岁月",295,"XAjmmEb9"
200,2382.0,"小孙看电视",4160,"U0uynGxN"
201,2382.0,"雄关迈步",4802,"JVCtk2tP"
202,2381.0,"吴下阿蒙",192,"sC5kbV5X"
203,2381.0,"水小妹",304,"FDBN53T8"
204,2381.0,"霹雳911",5352,"k9WYmxTd"
205,2380.0,"小学生",192,"0SEauwa2"
206,2380.0,"赤木茂",6729,"e609HWnY"
207,2380.0,"超级妹控",368,"WcZQQZ6x"
208,2379.0,"伯约2",1072,"8rPe6UnP"
209,2379.0,"浮光",6762,"MzMz95Sk"
210,2379.0,"花袭人",1104,"297CEBq4"
211,2378.0,"是大侠吖",16,"WF8CWGGV"
212,2378.0,"柒柒",1238,"V2McHwbu"
213,2377.0,"beyond葬送",2072,"LUoWy2kY"
214,2376.0,"茂盛哥",144,"hHgbda1H"
215,2375.0,"AIplayer",1053,"NiYyNB9F"
216,2375.0,"KuozakiSaika",16,"6upDPNgV"
217,2375.0,"阿楠",1008,"JjcCJixs"
218,2374.0,"ikun鸡打王",4552,"3FQb6vtD"
219,2373.0,"F8",416,"DQj5BfQ7"
220,2372.0,"calzhulator",928,"uVXwCycB"
221,2372.0,"农园蒸粥",1882,"HXJ2euAm"
222,2372.0,"漆黑似夜",4560,"dRLDaahx"
223,2371.0,"启丶沉卑",1072,"0dNfbR8t"
224,2371.0,"维尔斯特拉斯",1984,"aWgYqL8H"
225,2370.0,"THRIVE",64,"jVY7NmZm"
226,2370.0,"lagrange1013",4603,"VPkZyvYY"
227,2369.0,"大话王",48,"JmcT6sfp"
228,2369.0,"送子",16,"wq6AaxkY"
229,2368.0,"xxxhhww",3389,"aeVdfr2X"
230,2368.0,"叁壹",176,"BrJ4MPJT"
231,2368.0,"幻雪",1087,"nv98xm1R"
232,2368.0,"超级无敌粉毛",352,"SyUW0xs2"
233,2367.0,"三暗刻刻刻",1167,"ndkZCGGC"
234,2367.0,"云",880,"DwwPC7m0"
235,2365.0,"千早愛音",144,"sMxMoGxc"
236,2365.0,"单机麻将",16,"nfeoZ0VY"
237,2365.0,"只打CHAGA",400,"L1zFRAqi"
238,2365.0,"沉江月",158,"mk7nCrb7"
239,2365.0,"量子限域",1768,"WcZP1sXh"
240,2364.0,"流浪月光",127,"o742JHKJ"
241,2363.0,"三饼发牌姬",376,"UBM7o3Mx"
242,2363.0,"投影机",3966,"YRSVnGVf"
243,2363.0,"璀璨猎户座",1056,"jMVva50v"
244,2362.0,"海之蓝",1168,"9L92T4Au"
245,2361.0,"Irene",80,"dPKw13gp"
246,2361.0,"挂机1号",48,"AzuHg85d"
247,2361.0,"森马浮云",16,"5XwLgBK9"
248,2361.0,"欧内的手好汉",64,"YmhdDqwr"
249,2359.0,"PKU",16,"fKtpjNLV"
250,2358.0,"qwe305836",1528,"huCqp4Hp"
251,2358.0,"笨笨",512,"o90Aopwz"
252,2358.0,"绫地宁宁",272,"CCGdnc0y"
253,2356.0,"丛雨",720,"DeRrgAV9"
254,2356.0,"浪漫",7793,"dgwVN68T"
255,2354.0,"北冥雪",990,"Q24chwve"
256,2354.0,"夏日浪漫星辰",176,"39KdtA7y"
257,2354.0,"老馋馋",144,"G70pBvRK"
258,2353.0,"bonbujour",1536,"j70yi1sj"
259,2353.0,"五指毛桃",80,"nXZa8RL9"
260,2353.0,"河漢清淺",474,"oGwPp87N"
261,2353.0,"玄黄q",208,"dMsD418u"
262,2353.0,"这牌听啥啊",1392,"rTTUE7ha"
263,2352.0,"xbh要修仙",2576,"R9uT6oHi"
264,2352.0,"只会乱吃",128,"FPcPdkqw"
265,2351.0,"九九老攻",16,"LNcB7s9G"
266,2351.0,"僮九",1504,"mwCUX7LE"
267,2351.0,"齹",425,"aWjZ3XGW"
268,2350.0,"Imple",752,"xDkpQdYe"
269,2350.0,"cos是我的神",24,"uC2NJKK3"
270,2350.0,"开一不心的",688,"vFjBMahT"
271,2350.0,"把把胡",272,"QmVpGmLX"
272,2349.0,"神里绫华",112,"f9zz07Fi"
273,2349.0,"西施",48,"AyM4tnDR"
274,2348.0,"qixian96",112,"By3RXP5V"
275,2348.0,"单机北北",224,"hECZjKAL"
276,2348.0,"国标咸菜",1568,"6fhSVy3u"
277,2348.0,"大可乐",3745,"X80h8a2E"
278,2348.0,"根派",256,"vnZMzagL"
279,2348.0,"识时务者",1680,"XCFWKB1y"
280,2347.0,"LZN",144,"ska9TEzB"
281,2347.0,"Rain",144,"Mfy89vms"
282,2347.0,"nima",144,"tfEuNbZS"
283,2347.0,"修改昵称",16443,"VTAaGGnx"
284,2347.0,"某届牌王",2224,"Pk3CaKLH"
285,2346.0,"二d",848,"pj5yU30A"
286,2346.0,"勘察加",266,"ew8vmMcD"
287,2346.0,"哆啦a",1576,"nhDZiqqF"
288,2345.0,"CHAGA110",304,"HbPpnCg3"
289,2345.0,"INTP",528,"fbdPPWkf"
290,2345.0,"小林刚",32,"GHHaP4Fx"
291,2345.0,"柿子",336,"usTqiGjZ"
292,2345.0,"豆子鸽",1032,"a44hiyDX"
293,2344.0,"H41DA1NY4",16,"Zi66v4g9"
294,2344.0,"Star",144,"WrnbH5br"
295,2344.0,"八九边7",2512,"PKpoN6UZ"
296,2344.0,"林嘿嘿4号",144,"bykq3dtT"
297,2344.0,"老千",16,"TrLzeGeX"
298,2344.0,"麻将小白",13731,"n299Fxwr"
299,2343.0,"Miyanaga",444,"JXA9hg0d"
300,2343.0,"三倍滿自動姬",16,"HXF131TH"
301,2343.0,"哈气米",304,"LUkVM8hy"
302,2343.0,"滑稽是内鬼",336,"AncFJ8DQ"
303,2343.0,"终末咫珂朵莉",32,"N7jN5uNW"
304,2343.0,"逻辑猫",2480,"tQTK1DeJ"
305,2342.0,"xxx",816,"d3vNSdXi"
306,2341.0,"huaji",128,"vx4KWiZ4"
307,2341.0,"锦亚澄",64,"Qo1YqhUz"
308,2340.0,"中田花奈",224,"NYx0Pf71"
309,2340.0,"力³",80,"uvRRQK08"
310,2340.0,"北风萧霄",10218,"HBrCndM6"
311,2340.0,"蓝十",2426,"Q40mCVik"
312,2340.0,"许清扬",3480,"RZHKWRNV"
313,2339.0,"mika",4516,"hZFkescW"
314,2339.0,"xxhhww",112,"qHJa32NB"
315,2339.0,"zaqcxy",16,"Zjx1ey5b"
316,2339.0,"チャガゼロ",192,"woAQERVG"
317,2339.0,"卢YYY",3094,"QyTjE9Up"
318,2339.0,"常青",448,"664R2C6j"
319,2339.0,"立华奏",32,"x3uyuZuS"
320,2339.0,"马戏团长",680,"vQTie0rP"
321,2337.0,"Tairitsu",128,"oWnRfC2w"
322,2337.0,"WindHunter",2224,"k65YUadW"
323,2337.0,"小张同学2",32,"p2fCiPC0"
324,2337.0,"我爱汉堡",48,"w4qNkLb9"
325,2337.0,"朱克斯",254,"Luvsjmpx"
326,2337.0,"枰",256,"GtkLNGSG"
327,2336.0,"超级同花顺",176,"0tYnq8WM"
328,2336.0,"阿森",16,"w7WUXVQg"
329,2336.0,"黑桃A",128,"FKNM8uPB"
330,2335.0,"qucheng",1042,"fr4iBNg0"
331,2335.0,"五羟色胺",320,"wuJMhNyT"
332,2335.0,"缛景纬",224,"NcP896GG"
333,2334.0,"sparkle",320,"o0uw0ZM1"
334,2334.0,"文卿寒",16,"Be42CcVG"
335,2333.0,"LACIE",336,"819ELG71"
336,2333.0,"shizuku",104,"br2n3CaJ"
337,2333.0,"金大爸",2144,"9hxmGWdN"
338,2333.0,"错误的每一打",208,"2Hyr2QmT"
339,2332.0,"CKLm",224,"fjHTZRU6"
340,2332.0,"Sw279695293",2131,"mGrsW4Zs"
341,2332.0,"shapaozi",160,"RbD5rxV5"
342,2332.0,"外部号",320,"Manr9iga"
343,2330.0,"Sant",2624,"G3Xq42tZ"
344,2330.0,"handsomeboy",809,"YC1bXsXM"
345,2330.0,"在原七海",212,"dtuNwozr"
346,2330.0,"翎刻",2331,"QcuCzD6g"
347,2329.0,"凛樱",944,"HPFpTXUh"
348,2329.0,"大米",1312,"rZY4hZDe"
349,2329.0,"点炮防自摸",320,"jba4PKb5"
350,2328.0,"Lemo",144,"6cN4EeEN"
351,2327.0,"CHAGA120",80,"mSXBU8Hc"
352,2327.0,"植物人",96,"p6vRRh8P"
353,2326.0,"国标新手求教",880,"6e7gL7jB"
354,2326.0,"深的蓝",1808,"27czg3Zs"
355,2326.0,"麦麦",1772,"ZWHF8KP1"
356,2326.0,"黑心换黑心",1408,"WaGcVe3W"
357,2325.0,"Melody",144,"kpXvVZLH"
358,2325.0,"Sin是我的神",68,"0NY2EUw1"
359,2325.0,"Viviana",176,"eqcJBoFe"
360,2325.0,"渣渣",92,"9yRwE6Lz"
361,2325.0,"真城璃茉",528,"iBmRKcLA"
362,2325.0,"🏹🪚👴",288,"MWSmqmTK"
363,2324.0,"一个没用的",272,"8P0zmcuR"
364,2324.0,"小天",325,"QMSwjvto"
365,2324.0,"热辣小妈",544,"JDo5j9oY"
366,2324.0,"雾雾子",640,"PBnaAj36"
367,2323.0,"CHAGA99",32,"MShck8fs"
368,2323.0,"memo",160,"Zyo3W219"
369,2323.0,"有路口",1536,"N0sD5w1b"
370,2323.0,"琉璃宇宙",192,"eEnhvXMy"
371,2323.0,"白茉晴",1456,"fkthxfM8"
372,2323.0,"老蒋专点13幺",3607,"4nDdb0pM"
373,2323.0,"虎鲸",480,"NBwZCK9P"
374,2322.0,"NamelessGod",224,"8FHvNX2m"
375,2322.0,"Norn",48,"sc4WqjZ4"
376,2322.0,"penguin",1200,"whS7ojAK"
377,2322.0,"追星逐风",496,"hvnbyunC"
378,2321.0,"麓下kk",1280,"7XqmEFMG"
379,2320.0,"sdlyx",6800,"2kczqHuH"
380,2320.0,"小小黑",1086,"pwP2Dirw"
381,2320.0,"闪电云",4000,"9SDzgpLS"
382,2319.0,"Minato",272,"0z0x4TJ5"
383,2319.0,"彤轩",784,"Shiq18GK"
384,2319.0,"韩某人",16,"hcgkxESd"
385,2318.0,"Jayden87",128,"BZUJvhTY"
386,2318.0,"Milton",170,"TFfJPjNj"
387,2318.0,"九宫徵羽",64,"Q4jZeL88"
388,2318.0,"小猪美美",448,"KABb6EjL"
389,2318.0,"星云",5161,"DSWyKfxQ"
390,2318.0,"花君子",3213,"ZZmFetei"
391,2317.0,"云栖花间",3249,"ifF6EEZq"
392,2317.0,"阿德南",1159,"ZQ9HgMuq"
393,2316.0,"Trin",528,"0g5cm0Vb"
394,2316.0,"枭风雀庄",7059,"32C6J1o3"
395,2316.0,"芙宁娜",32,"63QVUVdA"
396,2315.0,"TTT",96,"ESNMT4YU"
397,2315.0,"citrus",224,"uxMBkr6j"
398,2315.0,"rurukonod",1120,"NxJk4uQF"
399,2315.0,"白晴",96,"ZCBNiycs"
400,2315.0,"过油肉拉面",1418,"MYnZyuR7"
401,2314.0,"cidocron",2656,"AjBGPUHe"
402,2314.0,"樱花Judy",2924,"6kJHEx7Q"
403,2314.0,"苹果狼、",2384,"q1oBEqdN"
404,2313.0,"kawaisubei",192,"ohtdaYmx"
405,2312.0,"ormisnal",512,"pSMt8wRD"
406,2312.0,"qima",176,"cCTbY9QX"
407,2312.0,"矮胖诗客ll",1408,"iDH9tYdJ"
408,2311.0,"多元外卷人",1040,"bYYD8ZRr"
409,2311.0,"萌新大脸橘",7288,"sA8UdsQK"
410,2311.0,"萌新小精灵",3573,"FrfZXNJN"
411,2310.0,"knox",16,"vmtZWeQY"
412,2310.0,"内鬼",144,"1vQRkgk2"
413,2310.0,"喜欢和小三元",576,"bT6wfNBb"
414,2310.0,"洛阳yy",320,"Bc5EFBUn"
415,2310.0,"萌新大土松",80,"ARHp9Hzp"
416,2309.0,"Frank",288,"7wFtHjCd"
417,2309.0,"ZJU国标分队2",48,"QuFvGm65"
418,2309.0,"巽风",224,"Nza2e2oX"
419,2309.0,"浅葱狐冢",1008,"xMMXb0jF"
420,2308.0,"Freezle",320,"42zfnisc"
421,2308.0,"何苏",224,"FBL7xVvz"
422,2308.0,"圣文神武",2010,"00gJBpGq"
423,2307.0,"Melacau",96,"HhAkw5tp"
424,2307.0,"lxl0319",3215,"kzuyCm1S"
425,2307.0,"多来雀庄",2334,"8pBN9EaN"
426,2307.0,"铅铱",96,"pE4qmymA"
427,2306.0,"MINT",920,"qRNKECzF"
428,2306.0,"丰川祥子",681,"4Y0psVZw"
429,2306.0,"诗羽",272,"pQQcBJth"
430,2305.0,"EndlesS",272,"GB9eJp6Q"
431,2305.0,"吸烟酱",1365,"rdq7QcQK"
432,2305.0,"橙留香",1424,"LCj50oMx"
433,2305.0,"電腦",400,"cpkYZd8c"
434,2304.0,"多多赢",16,"6usF0Gj4"
435,2303.0,"GRandom",1088,"sppDKnsW"
436,2303.0,"Maintain",368,"DH10oYN2"
437,2303.0,"TATTOT",32,"uC5PvDMd"
438,2303.0,"Weltraumhund",48,"wdzz68EE"
439,2303.0,"rzddmx1",288,"o9fxdmuW"
440,2303.0,"一起去前行",4677,"uz94trxN"
441,2303.0,"大祭酒",1440,"pFg5ABcT"
442,2303.0,"越",4128,"kHAdCBEB"
443,2302.0,"繁花似锦",1024,"rfj2Nhr3"
444,2302.0,"超超可爱岁岁",352,"uNjAH4GV"
445,2301.0,"CHAGA31415",528,"kvHiw2Wk"
446,2301.0,"井九清",48,"fC0FAw58"
447,2301.0,"白筑慕Toki",48,"1skWC08Y"
448,2301.0,"贾岛QAQ",192,"0tbo3Kea"
449,2300.0,"sakura",144,"RrLBUmxf"
450,2300.0,"叶三夕夕夕",100,"Zdm2b7kF"
451,2299.0,"Monophenol",16,"pZvYKkk8"
452,2299.0,"四月墨封",48,"3xj7eAFS"
453,2299.0,"圣杯碳",208,"8DQ1o72c"
454,2299.0,"寿陵余子",32,"PUGQNj0n"
455,2298.0,"GNOREZ",16,"SJW5kAhU"
456,2298.0,"QryanQ",416,"AexCWvDu"
457,2298.0,"洛兰希尔坠星",1120,"r4vxQMTi"
458,2297.0,"catsaki",138,"cpoaAXBB"
459,2297.0,"仓科明日香",64,"76fNrerk"
460,2297.0,"安娜",16,"cVkn5q9E"
461,2297.0,"摇摇奶昔",704,"bNy7wAq9"
462,2297.0,"灰色天空",2839,"p0jSMro3"
463,2296.0,"CVB123",64,"bHBvhepS"
464,2296.0,"The",900,"v1ZNsGUK"
465,2296.0,"ccy",208,"VndQ8Zo2"
466,2296.0,"冥雪99",520,"j2rnppZA"
467,2296.0,"嗯好可以行2",384,"KuM41PDi"
468,2295.0,"世界的创始人",128,"Vp98hWDr"
469,2295.0,"只和平和",224,"oYdK1QK9"
470,2295.0,"国标小渣渣",6231,"TezQaG7U"
471,2295.0,"鱼化寨",160,"PBjYZq0X"
472,2294.0,"Candycane",6412,"YgmEaPzt"
473,2294.0,"南方孤影",2770,"c6MYE1en"
474,2294.0,"咕咕咕1",112,"coCJPaqq"
475,2294.0,"贝瑞塔",96,"XmZN2WnB"
476,2294.0,"阿良",1996,"VgS4JNc3"
477,2293.0,"Albus",976,"cvt9FEou"
478,2293.0,"Irkalla",176,"d5S70Zpr"
479,2293.0,"威震逍遥津",2000,"WYKLY0wG"
480,2293.0,"微辣就行",720,"6WB5ApUk"
481,2293.0,"菲洛菲洛菲",744,"rXcGyKx5"
482,2292.0,"Kev1n",48,"684ibhom"
483,2292.0,"喵喵大笨蛋",1648,"vz4bhXyC"
484,2292.0,"落青",192,"CQ5Wx1ZF"
485,2292.0,"蹦天使",8928,"vNXa8Suc"
486,2292.0,"顾寒9275",160,"dYyn11tc"
487,2291.0,"ToT",64,"YDysVVVv"
488,2291.0,"ofor",88,"1tUHF7ww"
489,2291.0,"内部号",32,"53ZT7R2G"
490,2291.0,"小柚子",9078,"sDcV9RNf"
491,2290.0,"卡安雨",79,"8nfdbJHE"
492,2290.0,"天北",176,"m6a6JvjE"
493,2290.0,"快雪时晴",2915,"93fCF3vs"
494,2289.0,"一瞥而过",832,"iR6RC0NU"
495,2289.0,"兮苡灬城悾",25,"vB3yEMBm"
496,2289.0,"金八成小兔子",64,"jXswuafn"
497,2288.0,"SunnyYip",640,"njwu2Rh3"
498,2288.0,"佐仓沙耶加",176,"UsoeYdAf"
499,2288.0,"琉璃",240,"S9fB7czW"
500,2287.0,"Ace",3720,"fMTauCgC"
501,2287.0,"Jvruo",2300,"LzZcda1B"
502,2287.0,"Tibochapo",1648,"jfvA5xxZ"
503,2287.0,"ubisoft",2496,"H62Q7xbP"
504,2287.0,"xianxin",16,"b6W7iv0g"
505,2287.0,"泷辰子",16,"TrQ1FAYR"
506,2287.0,"闻雀",384,"0Emz0r9Y"
507,2286.0,"一只柠檬",4754,"Zi68HmQ5"
508,2286.0,"十元遇刺郎",16,"f0Rzs6DU"
509,2286.0,"提纳里",320,"fCj3cn5E"
510,2285.0,"CHAGAJencese",48,"aDadsQX0"
511,2285.0,"myy",528,"VtmMbW5o"
512,2285.0,"北",64,"XdR713by"
513,2285.0,"风怒大汉堡",336,"GwUSNczj"
514,2284.0,"BLAZE",16,"UGw1fTP5"
515,2284.0,"chopper",16,"rZY3JsVi"
516,2284.0,"伊川",192,"LtNexQp4"
517,2284.0,"帽帽",112,"FrfY8gaS"
518,2284.0,"破灭之魂",192,"tNs4czTv"
519,2284.0,"麻衣",176,"AM0mSEp8"
520,2283.0,"Glyoxal",16,"pV1q5KLM"
521,2283.0,"叶凡",16,"gn62r98K"
522,2283.0,"哇哇哇",16,"JnHFKVAr"
523,2282.0,"Quandaiwu42",336,"2SPcnz21"
524,2282.0,"姬丝秀忒",528,"qgfb4DrS"
525,2282.0,"矢来美羽",592,"1gfRUPEW"
526,2281.0,"傻逼克高手",256,"3h14ypar"
527,2281.0,"天使的精灵",159,"HJykMmh1"
528,2281.0,"猫头鹰",8713,"c95crgvL"
529,2281.0,"玖月玖",592,"uNnBtyK4"
530,2280.0,"linsaiya",96,"kMMJhWHn"
531,2280.0,"潇飒",1432,"7W5Vv6P0"
532,2279.0,"HillLee97",1776,"sdeH0a2T"
533,2279.0,"leverid",2763,"CbwGcGN2"
534,2279.0,"机器人",16,"tAeWhce5"
535,2279.0,"河提",320,"QGDHkAyK"
536,2279.0,"疯狂宝贝",16,"8bypDskY"
537,2278.0,"云出无心",3836,"GHHbmkzt"
538,2278.0,"秋季",21524,"MNTaFGdQ"
539,2277.0,"手下马上送和",96,"aKiDAKse"
540,2277.0,"泽嵘",16,"VRbp6TnL"
541,2277.0,"苏小弱",555,"v1ZMUau4"
542,2275.0,"Kitaura",32,"HtcTR2yn"
543,2275.0,"dama王",176,"jsGk9yUc"
544,2275.0,"一番赏",208,"MtHRT3QH"
545,2275.0,"月见琥珀",2848,"AncGgpxL"
546,2275.0,"送分",144,"jD5XQ4Vu"
547,2275.0,"逍遥宫丶萧寒",64,"NPNH4yZ0"
548,2274.0,"gris",1440,"ZEqyu21T"
549,2274.0,"时一时易拾忆",256,"B3e6FkQf"
550,2273.0,"lys",128,"NBCkmVd4"
551,2273.0,"sss",1104,"ab1d9GUU"
552,2273.0,"奋豆王",112,"Ge00EC7b"
553,2273.0,"灰毛团子",32,"64YgUFpb"
554,2273.0,"紫电改二",1887,"tSP5Mm3F"
555,2273.0,"老王",527,"f2SHRcxF"
556,2273.0,"走无常",528,"5mGihbyd"
557,2272.0,"HyZha",3013,"QbHyazpM"
558,2272.0,"听牌即立",64,"UQwkEkEw"
559,2272.0,"宝宝",432,"B3b4erN5"
560,2272.0,"牙牙",16,"Y5x1T8ky"
561,2272.0,"闪电",16,"5Ky3ZmLg"
562,2271.0,"初见亦别离",2560,"CTZXTb7J"
563,2271.0,"糕手",80,"A1uy8Mdy"
564,2270.0,"国标小唐",187,"M97aNtjn"
565,2270.0,"林嘿嘿3号",7829,"Vj9NEJMN"
566,2270.0,"泷泽和典",296,"WyVjcTdH"
567,2270.0,"萌薪99",239,"i30PhPwM"
568,2270.0,"车皇告别日麻",1743,"iDE8GejQ"
569,2269.0,"OGGG",144,"wCvdYbtm"
570,2269.0,"TedZhu",704,"2vum1Sjv"
571,2269.0,"yulearning",4097,"6upEn4QR"
572,2269.0,"远山黛蓝",464,"QZRCTeYd"
573,2267.0,"TiccyWu",128,"K0dejc8y"
574,2267.0,"一个二毫半",192,"UrFQNbAE"
575,2267.0,"山楂9",160,"LeQUwYui"
576,2267.0,"软趴趴",112,"iNo61ykM"
577,2266.0,"洛楚",240,"9YPputLM"
578,2265.0,"Ghost",46,"0eytbyth"
579,2265.0,"桀桀子",624,"bcft20BF"
580,2265.0,"石井一马",144,"bkNxR7p3"
581,2265.0,"网络连接失败",96,"C1aqosCC"
582,2265.0,"萌新白羽",936,"xPMomrJp"
583,2264.0,"saday",16,"npwe6wgv"
584,2264.0,"北北ai训练",608,"gtE0J6cW"
585,2264.0,"自摸8001600",2194,"cdNyVcmE"
586,2264.0,"鸟苷三磷酸",5887,"tLFW3pyD"
587,2264.0,"黄鸡",224,"YU3R6mpF"
588,2263.0,"樱小路",1376,"V0mMuhsY"
589,2262.0,"克己小75",64,"8kfL1nQn"
590,2261.0,"工口",1604,"dkTW6sio"
591,2261.0,"欣er1",16,"cVhkUxH5"
592,2261.0,"游侠小卢",2368,"XJSr9M2X"
593,2260.0,"Be4Sunrise",1416,"rW74QAWT"
594,2260.0,"M0rn1ng",4,"R1sagmQY"
595,2260.0,"Masion",1168,"Vkj8Q8h5"
596,2260.0,"kjd",624,"CRZDu5Gb"
597,2260.0,"左彼篝思劝颊",480,"szN9hR0r"
598,2260.0,"蒙题王",592,"jhNuRhxo"
599,2259.0,"ZJU国标分队",100,"i5dTserz"
600,2259.0,"半成",64,"inv91UHj"
601,2259.0,"天丁",272,"DeUruNoo"
602,2259.0,"竹井久",911,"MLwqhLLG"
603,2259.0,"蚊子",739,"NgdC1fL1"
604,2258.0,"Bob",6761,"0sBSXLiX"
605,2258.0,"ForThePoints",16,"gLS7qfDS"
606,2258.0,"zerong",3600,"hf63veya"
607,2258.0,"凑凑番",144,"TFcGnrWa"
608,2257.0,"LogicGhost",400,"Lf5H9BtX"
609,2257.0,"不会七对",528,"jsKmmsNW"
610,2257.0,"左右",2083,"TWyh008h"
611,2256.0,"chuqing",36,"NHHJTYFE"
612,2256.0,"天",432,"j8tiSgFr"
613,2256.0,"小邓",16,"Ucv2M9LL"
614,2256.0,"年少翩翩白虎",48,"C7fQtaEC"
615,2256.0,"猫南北",304,"C2ig2GQJ"
616,2255.0,"empty",128,"4vwdseNP"
617,2255.0,"吕布",1511,"EdqyM9xy"
618,2255.0,"小鸟you六花",32,"Td3eDjiX"
619,2254.0,"Cai",160,"QRo13sph"
620,2254.0,"张进步",2784,"sPtWHrdn"
621,2254.0,"英格兰巫师",496,"civFgY6B"
622,2254.0,"鳗鱼",160,"JshRjHya"
623,2253.0,"Satori5",144,"aYgq19Pk"
624,2253.0,"根号88",944,"ApcYsfXu"
625,2252.0,"叨叨",240,"9qUEFiEM"
626,2252.0,"小萧潇笑",576,"eLWzMDgv"
627,2252.0,"布布",48,"kxypiBLG"
628,2252.0,"栖久",32,"eugCpJBE"
629,2252.0,"黄英似蛭",144,"TsxFRChX"
630,2251.0,"zsswg",96,"5dxu91dg"
631,2251.0,"千叶流心",288,"vDmvPxiu"
632,2251.0,"彪哥",80,"HHT0oqFC"
633,2250.0,"pingan",1824,"RRXEu7nu"
634,2250.0,"新手村村民",320,"FK0AjkEb"
635,2250.0,"梅根",208,"QKaAcad4"
636,2250.0,"萌新11",928,"WprSnXWP"
637,2249.0,"wardell",48,"7EHAije1"
638,2249.0,"天地不照",776,"D1NqAN3L"
639,2249.0,"纪清欢",544,"YpMaADrz"
640,2248.0,"abi",16,"MansYQFq"
641,2248.0,"ly3d",272,"a7YiEXVD"
642,2248.0,"一丶丶丨",64,"avUT1YbV"
643,2247.0,"pisces",1944,"gEMAbv3u"
644,2247.0,"xYz",3552,"LkVSAJey"
645,2247.0,"奈芙莲",752,"mfqi76ys"
646,2247.0,"孤高の撃墜王",16,"sc7YSdSy"
647,2247.0,"平宫杏奈",746,"QTaspBC1"
648,2247.0,"海葉",240,"bM1zRd23"
649,2247.0,"陈楠",6396,"P1VozZv7"
650,2246.0,"Haaaaaache",2160,"8edQPvZR"
651,2246.0,"Kokutourio",1984,"jtrWKopK"
652,2245.0,"BFAM",168,"KQ5eZBX3"
653,2245.0,"吱吱sama",64,"NPRHJAse"
654,2245.0,"泡哥",5153,"X8nVocTv"
655,2245.0,"炙易狐",5236,"0GNDQ64K"
656,2244.0,"James",304,"Gn5Deo1N"
657,2244.0,"diaryw",1520,"W5aEkxYu"
658,2244.0,"founded",352,"MSymKCBd"
659,2244.0,"hunter",208,"RV0FQhLx"
660,2244.0,"qwqaq",208,"eudBCRTm"
661,2244.0,"催春暮",2248,"TPCcNfny"
662,2244.0,"装饰",176,"qFmMFgx1"
663,2243.0,"cccccc",576,"hxfisa7S"
664,2243.0,"不会玩的萌新",724,"atZnV5ch"
665,2243.0,"决战机器人",304,"mdzpkvHM"
666,2243.0,"破游全是bug",352,"JmcUVZPk"
667,2242.0,"君应有语",3528,"S0uAcnhY"
668,2242.0,"萌新pp",16,"VevKkSAE"
669,2242.0,"落尘苦练国标",192,"fhQhS5Vj"
670,2241.0,"Nff",512,"bWXva3tV"
671,2241.0,"Yawncat",304,"jBcpT26f"
672,2241.0,"七夜的许愿星",2128,"KhwUjBG5"
673,2241.0,"冰川纱夜",32,"ebTbmt4k"
674,2240.0,"MC宇宙RS",132,"UJsAA0J7"
675,2240.0,"biu",96,"UxHL0Ssv"
676,2240.0,"天门",1088,"tseithvz"
677,2240.0,"码龙",1600,"UCps7oWs"
678,2239.0,"hawaii",480,"fY9NsxUy"
679,2239.0,"蒲原智美",192,"DiGeKWRB"
680,2239.0,"长风G",447,"0eyuzfTx"
681,2238.0,"Nemesis",136,"gzP6bq05"
682,2238.0,"YC大人",336,"MjS8gUkC"
683,2238.0,"后门概念神",2080,"MeFt3yXX"
684,2238.0,"苝风肃霄",112,"3f5JdHUF"
685,2237.0,"bluff",884,"NmE1Nxfb"
686,2237.0,"ferry",976,"izKkhLxY"
687,2237.0,"桜坂逢里",592,"gW37BsYa"
688,2237.0,"爱の火车票",1617,"fPQrrqem"
689,2237.0,"练习两年半",3648,"oxMTgN7S"
690,2237.0,"马赛小回旋",528,"PvvWQDY4"
691,2237.0,"鸡神教信徒",592,"B745AQdn"
692,2236.0,"小蝎蝎蝎子",160,"uVaxpsW5"
693,2236.0,"杜陵路",272,"PKScxx2c"
694,2236.0,"萧何",1374,"DJZEyaX8"
695,2235.0,"FR7",48,"fd7dLMAq"
696,2235.0,"theone",48,"5nmxeSF7"
697,2235.0,"zdd",3064,"oSSMLFhk"
698,2235.0,"博涵",832,"VMQmqoAT"
699,2235.0,"梁玉苏",2260,"4xWQ2Ui6"
700,2234.0,"mousuan",384,"pQMby7kU"
701,2234.0,"业6forever",9835,"LGC5XMw0"
702,2234.0,"缥缈qwq",656,"a0foEgYx"
703,2233.0,"暮春",352,"J0UEhXjy"
704,2233.0,"雪落无涯",16,"JymzRLbk"
705,2232.0,"南桥s01",256,"5hSGpdAb"
706,2232.0,"渝宇",599,"gYpSjfaL"
707,2232.0,"雫ちゃん",584,"cDyyuE75"
708,2231.0,"Tetriseffect",1232,"YsjYrhCV"
709,2231.0,"xyhsjh",112,"varr2tp6"
710,2230.0,"Benson0304",48,"aA9exiyn"
711,2230.0,"leenlover",272,"sboPeLtA"
712,2229.0,"Anna",3144,"3aoEXYs0"
713,2229.0,"歳納京子",376,"k4YJJYd5"
714,2229.0,"调皮的猴子1",192,"pE4pPH2E"
715,2228.0,"frankie21",3933,"9i0ntQfx"
716,2228.0,"xxcnoba",520,"CZeUhLsZ"
717,2228.0,"咕咕咕咕法法",48,"cTq0kJ2e"
718,2228.0,"文奈雪舟",16,"akaaubC4"
719,2228.0,"牛黑奶白",2976,"E4kVRKqC"
720,2228.0,"阿飞",736,"Xs91CxhZ"
721,2227.0,"ALF",16,"eGGvUfdA"
722,2227.0,"Kazuradrop",1049,"By3Sv4fk"
723,2227.0,"M16A1",864,"r6wDbC3G"
724,2227.0,"塔利雅",96,"Rg3RHcpg"
725,2226.0,"Reisen",1066,"dD6BRobQ"
726,2226.0,"Voyager1969",768,"u0GvHVqL"
727,2226.0,"凉风",273,"uE2fsrLB"
728,2226.0,"春風送福",448,"cbqjKaJn"
729,2226.0,"森盈",48,"ipWQoPJz"
730,2226.0,"超硬大七星",240,"xCg0o6W3"
731,2225.0,"凌叶",1186,"Uk2ZwHpw"
732,2225.0,"卡小雷",1240,"7NNRX0XL"
733,2225.0,"大台风",320,"92wPpDWU"
734,2225.0,"海风",492,"DjirfSWR"
735,2225.0,"秀仔",608,"hBbePpG2"
736,2225.0,"老馋",469,"816CjPPY"
737,2225.0,"阿藥",16,"hNHSNZ4o"
738,2224.0,"鸡打不溜",939,"ot4PadCq"
739,2223.0,"Kiwi",2762,"87EBa1sG"
740,2223.0,"萌少",16,"CRcFVy8k"
741,2223.0,"镜影",960,"iij6koqX"
742,2222.0,"CCMS山风",16,"4a163KiT"
743,2222.0,"南法信法南",1864,"Z6uNjhJE"
744,2222.0,"堕天圣黑猫",64,"ZKvDopj9"
745,2222.0,"朋也",104,"BwaiaKWq"
746,2222.0,"纱名",16,"pgpBwpDd"
747,2221.0,"big7long8",128,"numzwHT5"
748,2221.0,"无忧",48,"2VvdXkcM"
749,2221.0,"日鳴",32,"FyycPDa7"
750,2220.0,"TT55",1956,"Nf7y4pK8"
751,2220.0,"Ttocgnef",96,"numyYbsq"
752,2220.0,"张磊",4054,"HFSjd0zk"
753,2220.0,"志明",272,"GcXFuUHn"
754,2220.0,"无语锂电池",896,"L3v39PgE"
755,2220.0,"桂茹",384,"VKQUGHd6"
756,2220.0,"老张",320,"j0w05bie"
757,2220.0,"萌新大黄蜂",448,"WaDatk0w"
758,2219.0,"我叫叶荣添",190,"5vqgSvza"
759,2219.0,"抹茶要楽奈",890,"ws05Z3BG"
760,2219.0,"澜川",352,"95ZTzVAV"
761,2219.0,"苹果派",480,"dxNmcQEQ"
762,2218.0,"Sablinbot",704,"mU5xdxba"
763,2218.0,"ghz的打手",16,"eTeWwNAW"
764,2218.0,"匿名用户",48,"3MDPmcDe"
765,2218.0,"吃",288,"ZAFEDRFo"
766,2218.0,"椢床萧寒",64,"orAUcXn6"
767,2217.0,"will",16,"MEqm0X0G"
768,2217.0,"乌克兰",2736,"qV9MMGrw"
769,2217.0,"洛心颜",96,"nZZshwKY"
770,2217.0,"相识离散即",64,"i4YdsSNp"
771,2216.0,"LuckyTree",8224,"bivEU4P4"
772,2216.0,"StevenCai",1233,"gPy9y6Cc"
773,2216.0,"友相伴",176,"pCC4ede7"
774,2216.0,"字一色小四喜",192,"4FGi9i0S"
775,2215.0,"AlCu2764",1472,"jD8Z0yYU"
776,2215.0,"Empty",48,"nJgE7nVg"
777,2215.0,"Uranyl",16,"1Asop4q0"
778,2215.0,"宽心",469,"BHPsyTff"
779,2215.0,"日出",3807,"XVsSqEsm"
780,2215.0,"逍遥自在",160,"0zgiuPpa"
781,2214.0,"Plio大咸鱼",112,"G50ZPn0j"
782,2214.0,"一致连续",624,"WtFJE7rQ"
783,2214.0,"帆夜",725,"VgP2hVju"
784,2214.0,"柒七",32,"3KhdpzCa"
785,2214.0,"猪突猛进",720,"SLLz6MoG"
786,2213.0,"PetrCech",3244,"0qfhyQGi"
787,2213.0,"QinNai",272,"4Bkg2Eqr"
788,2213.0,"TTz",256,"FWnxpnLM"
789,2213.0,"小寒冰",96,"G7gcQYX4"
790,2213.0,"狗勾战士夕夕",816,"k81Jq6bR"
791,2213.0,"祖向格",352,"ujhjiGz0"
792,2213.0,"花见由里",80,"NansNBPh"
793,2212.0,"台风",2556,"qkrGZZM4"
794,2212.0,"诈诈的胡",32,"PW997MN9"
795,2211.0,"娄山关",288,"svxAnkwQ"
796,2211.0,"小张同学3",32,"3ra2j8u9"
797,2211.0,"羽之野",176,"bvKr8yfL"
798,2210.0,"cdg",336,"6z9K612y"
799,2210.0,"柠檬山楂片",80,"AXNQciwA"
800,2210.0,"阿久津翔太",32,"Dytf9mAb"
801,2209.0,"CXZ",64,"Sk6em7dV"
802,2209.0,"和绝张",5535,"NRnb3P4x"
803,2209.0,"小k云魂",48,"R3stFGFF"
804,2209.0,"小于十",16,"fqn2cXrh"
805,2209.0,"篝",32,"Pkn118sc"
806,2208.0,"miaomiao",1961,"RzRSH3j3"
807,2208.0,"zymmiwang",472,"x7bjVbu0"
808,2208.0,"凑友顺那",864,"sZTbWEqB"
809,2208.0,"樱淳宝贝子",448,"53cUjHkk"
810,2208.0,"烦了就打男人",1542,"nJjFjgYF"
811,2208.0,"皮皮161616",352,"tjteGP9y"
812,2208.0,"雪哥",80,"T7zTY5SQ"
813,2207.0,"寿命流雀士",1824,"JBA2wbJV"
814,2207.0,"捌萬",637,"f0V1U0G3"
815,2207.0,"甲鱼",16,"Ctn9mM0V"
816,2206.0,"可爱小花花",96,"ChMXhnKP"
817,2206.0,"小老毕",6474,"Q0UNJiKy"
818,2206.0,"永清",4032,"dzJXxweM"
819,2206.0,"白纯里绪",160,"dpkaCcdQ"
820,2205.0,"TristeQ",336,"n4ZRrgtY"
821,2205.0,"VvV不会金八",836,"sq6sWyaL"
822,2205.0,"parrot",64,"PvyY17ae"
823,2205.0,"呵呵哒",144,"v6v87Tp2"
824,2205.0,"念天地之悠悠",3056,"n6VDauaP"
825,2205.0,"浪子",136,"8YVq60Cn"
826,2205.0,"烨卉",816,"keyz7wLd"
827,2205.0,"胡伊卓",64,"WeTHzxpk"
828,2205.0,"落英",3298,"xVAcRWdV"
829,2205.0,"随便搞一个",272,"iWWaD7jd"
830,2204.0,"WR",2523,"FyvanKgD"
831,2204.0,"久遠之花",149,"Jc3WkENo"
832,2204.0,"樱华",7793,"mhMSg3Qg"
833,2204.0,"津南内马尔",16,"jKzB18sT"
834,2204.0,"记忆里的炎夏",112,"hUNPcJq3"
835,2203.0,"rlicha",32,"c1QoNiEA"
836,2203.0,"不断樱花",1825,"9N4oobar"
837,2203.0,"嘿嘿嘿哈",64,"HPCnrdS7"
838,2203.0,"幻心",16,"DYQGpeSh"
839,2203.0,"手不离管",512,"MhvQ7YT4"
840,2203.0,"林零柒",144,"FHUSAoxT"
841,2203.0,"药渣的小跟班",48,"1ytTex21"
842,2203.0,"轻铸",1195,"dnpos5pA"
843,2202.0,"Mikoto",608,"nptdtkYh"
844,2202.0,"SunnyWong",400,"rD1Apwd6"
845,2202.0,"Tomcat",192,"EJQe608x"
846,2202.0,"kx",128,"qX5VrrEk"
847,2202.0,"不响玩辣",16,"gPv8MDV8"
848,2202.0,"幽幽不玩游戏",11,"kMJH5cPt"
849,2202.0,"竞麻玩家",112,"j4Q1zrrx"
850,2202.0,"雪枫XueFun9",16,"FK0C7Rpr"
851,2201.0,"FanYan",608,"RKSHfMSw"
852,2201.0,"宫村宫子",336,"8gWXHbC1"
853,2201.0,"水墨",4432,"TP9amo4V"
854,2200.0,"Eric",4304,"jJ1v3WkD"
855,2200.0,"一朵南方的云",144,"JQvpeJrr"
856,2200.0,"云无心",312,"k4VGheaW"
857,2200.0,"月挽星回",848,"PYs7feKs"
858,2200.0,"林嘿嘿",4894,"TewQM4zF"
859,2199.0,"Hydra",336,"6GP4wdRL"
860,2199.0,"ShadyEM",16,"vM0pBptY"
861,2199.0,"momiji",128,"gSjVVvQo"
862,2199.0,"云中观山客",464,"PrBA2GpU"
863,2199.0,"昏睡猫",3008,"m3NyjJzn"
864,2199.0,"求道人",304,"ZiLkt34L"
865,2199.0,"糖糖0919",304,"iafNxKPR"
866,2198.0,"Chauvet",144,"E0QR6PBf"
867,2198.0,"Iconoclastic",730,"gdmACHQh"
868,2198.0,"linkenwu",240,"JvJ0HTvJ"
869,2198.0,"xixi",184,"ah3Yn8vY"
870,2198.0,"一灯大师",272,"XE6kSiNh"
871,2198.0,"小魔女",16,"rQ27ARLv"
872,2198.0,"广东麻将BOT",20,"VTShTfTr"
873,2198.0,"快乐风男",32,"VHtjiMKy"
874,2198.0,"杨桃巧克力酱",96,"StBtAhnt"
875,2198.0,"米夜",96,"oP1M2tGv"
876,2197.0,"RRwulala",64,"YLqf2HS9"
877,2197.0,"小流风",656,"mJs7JCzT"
878,2197.0,"山前没相见",3208,"HVLmhG3X"
879,2197.0,"盛年莫当",4172,"cKH65G8m"
880,2197.0,"缄默德克萨斯",80,"8WuZK3sR"
881,2197.0,"阿牛",1248,"R0PsjhzZ"
882,2197.0,"雀游屋皮皮",480,"ZfgqKLjT"
883,2196.0,"Harryjin",16,"AzrHSvmz"
884,2196.0,"九九ya",256,"ikzNfwbR"
885,2196.0,"情悰会渺虑",16,"9DA8PUbt"
886,2195.0,"Entelecheia",224,"9L60rAH0"
887,2195.0,"emo",928,"FtFovdD9"
888,2195.0,"伯约",4331,"X64Ye2QZ"
889,2195.0,"封语",112,"uLrRYSCU"
890,2195.0,"牛肉干干",624,"McJc6LYy"
891,2194.0,"AlFex",307,"SoXf3WLg"
892,2194.0,"cstring",16,"CVuKbiwR"
893,2194.0,"inequality",16,"h2ny3Rvp"
894,2194.0,"patty",112,"p6sPppGE"
895,2194.0,"洋Cc",80,"pdH9pN5n"
896,2194.0,"陌猪猪",10030,"Dsqc4prR"
897,2193.0,"ShooH",224,"6mrXQzRB"
898,2193.0,"TokisakiG",160,"70hZG3Lk"
899,2193.0,"你老坝",32,"fC0DoEVt"
900,2193.0,"凸眼鱼",256,"F3gRwcu3"
901,2193.0,"小天天err",2769,"0dRfpdTX"
902,2193.0,"萌新搞事情",32,"JB71KhFv"
903,2192.0,"Jackie",192,"k3QU56xC"
904,2192.0,"WMWMWMWMWMWM",1936,"Q6fKzsY5"
905,2192.0,"东瓜帮主",142,"2EYs7kYL"
906,2192.0,"御无双流牌手",80,"UmyLGq5C"
907,2192.0,"菜籽的菜",3472,"5rEyA0Wp"
908,2191.0,"HReimu",144,"we30i16P"
909,2190.0,"加藤黄瓜",752,"065TCwwL"
910,2190.0,"吃货小飞飞",352,"5trtVX0q"
911,2190.0,"煜神",560,"mk4kbyse"
912,2190.0,"绘心菇凉",16,"xDor1WQo"
913,2190.0,"铁乌鸦",128,"ey9DKs9a"
914,2189.0,"jiuli",80,"oeQd3zCu"
915,2189.0,"我们的歌",16,"GWGuTQ5y"
916,2188.0,"Appr2025",32,"qefHVj0j"
917,2188.0,"linkmoon",80,"MYqbanHG"
918,2188.0,"冰雪羊之角",2590,"5L15Ae49"
919,2188.0,"天使的秤",9202,"fzTao7oq"
920,2188.0,"小熊",656,"waZyomQ7"
921,2188.0,"张麻子",600,"D43vxVzo"
922,2188.0,"彩色塑料星",2093,"t7NufPkJ"
923,2188.0,"杠开三条",816,"GLiy5nYL"
924,2188.0,"醉酒",80,"o710hPGj"
925,2188.0,"铁铳王",2832,"wks865i5"
926,2188.0,"鬼手大师兄",4596,"bnZmXeJc"
927,2187.0,"Lovitex923",16,"iZ78nH5e"
928,2187.0,"三无将",80,"b9EDjG8r"
929,2187.0,"老毛",16,"uQGQT6aG"
930,2187.0,"落影折桂",32,"1shUb65y"
931,2187.0,"输到想妈妈",160,"4g2eXA1z"
932,2187.0,"高抬贵手",795,"QP3B89B7"
933,2186.0,"hsr",16,"7CpTmgD2"
934,2186.0,"胜天一番",192,"pJL26aXb"
935,2186.0,"轩挺",128,"PpFPgkQX"
936,2185.0,"GYIMGY",160,"L0V2s1FQ"
937,2185.0,"GyroZeppeli",208,"PFCZ5PGD"
938,2185.0,"melonpi",32,"uDzeFxSH"
939,2185.0,"千千晚星",3580,"Hh7jKBrE"
940,2185.0,"夏威夷吉他手",976,"AgoSeTTh"
941,2185.0,"放浪雀士",4376,"varsRaY2"
942,2185.0,"流沙",3391,"TGn1A4rQ"
943,2185.0,"籉譱䝁",16,"BzzbQcS6"
944,2185.0,"艾琳",144,"mQfxLaU6"
945,2185.0,"超级错和王",32,"7ELCKcWA"
946,2184.0,"Kevin",496,"bsWWNxjD"
947,2184.0,"tmry",656,"RQ20xH4N"
948,2184.0,"吉吉吉利蛋",16,"EYFfx44W"
949,2184.0,"夜长安",624,"LQZT5Uz9"
950,2184.0,"橘子111",48,"vHEvvWzb"
951,2184.0,"远航",16,"b6W96bjc"
952,2184.0,"阿寒",240,"ULNuiwbF"
953,2183.0,"Flam1ng0",32,"tNv4rBnZ"
954,2182.0,"JN",536,"bedANKmp"
955,2182.0,"Lyun",240,"PaMLDnb4"
956,2182.0,"hb",77,"1Gxm2qaF"
957,2182.0,"volknet",1282,"ZNf3jXvh"
958,2182.0,"白水哩",16,"mNH7baXD"
959,2182.0,"黑沢口关",80,"vmtY7xqH"
960,2181.0,"吕伦",544,"JQspR6YC"
961,2181.0,"浓眉小眼",13191,"tCAGeEWU"
962,2181.0,"烂熟透红的梨",304,"MwmRycNd"
963,2181.0,"雨萌小小酱",11008,"wXv1sNUz"
964,2180.0,"banz",368,"kkgkxXew"
965,2180.0,"北北",2063,"ktq0z0GB"
966,2180.0,"姬攻千歌音",864,"wKj1KUgd"
967,2180.0,"虹咲小猫咪",1040,"mA673hJa"
968,2179.0,"axe",32,"RxUAKRkV"
969,2179.0,"owen2006",32,"ZJJy1uZD"
970,2179.0,"昕走在路上",80,"Eyo4u4hJ"
971,2179.0,"杜衡",192,"ua8mxyr7"
972,2179.0,"璃月雾社",1595,"HVHmU4vJ"
973,2179.0,"类星体",480,"WtJKr1kJ"
974,2179.0,"臭象",144,"t3xuN2Vu"
975,2179.0,"齐静春",320,"PcL8BCtv"
976,2178.0,"Archetto",640,"EbvC0dhh"
977,2178.0,"sova",16,"DuKpdyFJ"
978,2178.0,"三点水",11852,"bWXwxkcR"
979,2178.0,"乾澜",208,"WMFnpCCr"
980,2178.0,"海黛喵",368,"JPQ55NR2"
981,2178.0,"秀儿稳",1552,"pzp18P53"
982,2177.0,"blueboat",64,"ZuXqnj4m"
983,2177.0,"五门七对仙人",48,"1FV35n9G"
984,2177.0,"岚兰",7335,"o5Tnv2QX"
985,2177.0,"彩色哥",1008,"QV88MuwN"
986,2177.0,"魔法少女寻笺",1004,"jAUzDbRn"
987,2176.0,"小张同学",32,"cXVdcxEf"
988,2175.0,"River",608,"ReAgYzkf"
989,2175.0,"Triste",1056,"Fg1mmqpF"
990,2175.0,"宗云先生",304,"BXw3MxhS"
991,2174.0,"小青岛",368,"e63AuQgS"
992,2174.0,"星空凛",112,"fZhd2ze4"
993,2174.0,"耳朵老师",3091,"Czs5cRcX"
994,2173.0,"Shangbeiya",176,"6B0ogdTz"
995,2173.0,"Tony",48,"2UPsb7jy"
996,2173.0,"YU清清",80,"gvBHeQjH"
997,2173.0,"qzgg",512,"WwWwf2KS"
998,2173.0,"wxkj99",64,"dKux6PAL"
999,2173.0,"冰糖榴梨",139,"B9mgZfAb"
1000,2172.0,"Higuchi",56,"dBAR5GUp"
1001,2172.0,"Marygold1",1088,"pj5zrjaR"
1002,2172.0,"StaticFish",160,"jS16e19r"
1003,2172.0,"Tiger",2672,"QizACyrw"
1004,2172.0,"WallSmith",64,"fBxDa3Mf"
1005,2172.0,"仁言否",480,"vr2NW9Xk"
1006,2172.0,"诸葛长青",237,"igoLQGsc"
1007,2172.0,"青浦千鸟",64,"Z1Yc5ooZ"
1008,2171.0,"憨憨的憨憨",272,"7JaGC9zC"
1009,2171.0,"新手二段里仑",1227,"GqNMgooQ"
1010,2171.0,"火老弟",3985,"Ep9zTUmy"
1011,2170.0,"幻浪",256,"MCucVxcT"
1012,2170.0,"青岛浪速小梁",272,"TUcPEmTc"
1013,2169.0,"TyrusYip",810,"1DanMLTc"
1014,2169.0,"三只大土鳖",192,"Cxur2UnB"
1015,2169.0,"滚滚浪花",2517,"wNKwezHa"
1016,2168.0,"博博巨奈斯",64,"BDEh5DSH"
1017,2168.0,"大苏打",80,"iGmAQ7Ui"
1018,2168.0,"新子憧",16,"uZ3yLS48"
1019,2168.0,"风林舞破",112,"kDhcgcNn"
1020,2167.0,"abandoned",208,"YXXT12Ev"
1021,2167.0,"xkfy",912,"RHr1tSsi"
1022,2167.0,"主播狙击手",64,"qjKWcwUg"
1023,2167.0,"单一",16,"mU2w24t6"
1024,2167.0,"左手君",144,"fVVRwYgm"
1025,2167.0,"要来点智乃吗",576,"APhb8m84"
1026,2167.0,"超强力鸡翅",48,"X4YnhQEp"
1027,2166.0,"benzene",3440,"6N8tN6kU"
1028,2166.0,"konskie",8,"XRXM7cey"
1029,2166.0,"凌云峰200",928,"fnJ3Uesu"
1030,2166.0,"小香茶",464,"uqV2kskp"
1031,2166.0,"就打萧寒1",628,"3WnMWwEb"
1032,2166.0,"日安夜愿",64,"fTWdz8i1"
1033,2165.0,"Entpr",176,"SuicjeNN"
1034,2165.0,"KNK",752,"t5T6wAm6"
1035,2165.0,"五河かがく",240,"JnLGwPDR"
1036,2165.0,"伯约0",48,"KGGYKzJA"
1037,2165.0,"哼哼总",64,"1WNfHEYZ"
1038,2165.0,"多情龙井",224,"oBekbCCM"
1039,2165.0,"宗门天骄",1192,"atcp5yUr"
1040,2165.0,"菲利",96,"nuq09Vmj"
1041,2165.0,"蛋黄派",13223,"A4KG6n9v"
1042,2165.0,"龙得倒",16,"rzogqpDm"
1043,2164.0,"eraofexp",776,"umJ0VDKM"
1044,2164.0,"夏野川",176,"U2TBZdNY"
1045,2164.0,"大盘鸡宅急送",32,"WTLk2xNP"
1046,2164.0,"真名不好取",432,"jhRueu61"
1047,2164.0,"鹿鹿",16,"bCfE1dgc"
1048,2163.0,"MKimiSH",2024,"SEK3UW5b"
1049,2163.0,"yyyyy",1280,"6jAT1XvJ"
1050,2163.0,"加勒比海带",1240,"wfTKrK2u"
1051,2163.0,"流觞",112,"5DzW3oQc"
1052,2163.0,"阿吉",144,"2bxZ9bt0"
1053,2162.0,"对酒当歌",7833,"6aRvk6KL"
1054,2162.0,"小E",608,"rwKhhwEy"
1055,2162.0,"捷尔",208,"VrqD5yKS"
1056,2162.0,"来",64,"m87K6G0j"
1057,2162.0,"白睟",16,"5xKu15GX"
1058,2162.0,"黒い雨",576,"NaYEnuam"
1059,2161.0,"Amazingkitty",96,"MtEPrAY8"
1060,2161.0,"afanty",3072,"mWGkMnfZ"
1061,2161.0,"hrb",2064,"Faz05SWC"
1062,2161.0,"kozend",64,"i14dLsXQ"
1063,2161.0,"北宸星落",976,"5rBwZ7oL"
1064,2161.0,"大胡",9,"vFg9kgoZ"
1065,2161.0,"止匕小幺",32,"tWd7rcW0"
1066,2161.0,"阳光牛子",496,"Gg0GR2rq"
1067,2160.0,"Attersee",2960,"wWMp52MA"
1068,2160.0,"大货车斯马托",760,"G7je1SZe"
1069,2160.0,"总是学不会",320,"9qUCt1f6"
1070,2160.0,"源代码",1216,"BspovKbb"
1071,2160.0,"空折花枝",240,"M8pwBiTz"
1072,2160.0,"落殇",1008,"3Z3P0Rma"
1073,2160.0,"黎子糕",56,"dvqXSNNf"
1074,2159.0,"Seven",272,"EqmDrhdF"
1075,2159.0,"幸运小苞米",48,"haozpumc"
1076,2159.0,"无色之绿",72,"LEEpZjom"
1077,2159.0,"眠灯入门",120,"KvuJBRgA"
1078,2159.0,"艳阳天",3050,"U3e3PxWH"
1079,2158.0,"ws1221",464,"0n8fqx77"
1080,2158.0,"理论魔术师",768,"kpXwtF4D"
1081,2158.0,"绿豆龙",1120,"ogHPBKdJ"
1082,2157.0,"yoda",176,"jnzg4DsM"
1083,2157.0,"信噪比",946,"DA8roabq"
1084,2157.0,"四错和散了",628,"Vkg6oEeW"
1085,2157.0,"恒盛",64,"DsnaTvxX"
1086,2156.0,"M7t11",96,"pNqr1VjQ"
1087,2156.0,"不破爱花",16,"oJUdzA7o"
1088,2156.0,"恐怖福瑞",992,"g1TqbGp8"
1089,2156.0,"月出星河",4099,"QmAgsAeL"
1090,2156.0,"长崎爱爱音",64,"TxT4L6aE"
1091,2156.0,"马庭芦花",240,"5zzVB7Vh"
1092,2155.0,"CoL1n",96,"gnUBschf"
1093,2155.0,"初见",8228,"sHkYqu9b"
1094,2155.0,"因幡爱瑠",208,"a2UTKk4t"
1095,2155.0,"愿樱落时见你",224,"MnCUDJEk"
1096,2155.0,"自摸全求人",340,"KU8T6JUk"
1097,2155.0,"青椒",700,"2Q3oG9w0"
1098,2154.0,"海伯利安",4556,"5xNvcy00"
1099,2154.0,"狠人大帝",432,"aDdfUHEU"
1100,2154.0,"瞻某人",16,"fG62JF1T"
1101,2154.0,"老歪子",112,"TncDq2w2"
1102,2153.0,"tenten",32,"KXZS101y"
1103,2153.0,"神仙左左",128,"6Jit4kW4"
1104,2153.0,"长崎素世",1496,"qHMbewG5"
1105,2153.0,"阿亮",2192,"TEA4SuEv"
1106,2152.0,"十八线玩家",5415,"0zjkWGY3"
1107,2152.0,"嘉瑜之秋",16,"t1yjFbEw"
1108,2152.0,"圣堂萌新0v0",80,"cuJP5QUB"
1109,2152.0,"貔貅送分童子",16,"1qoEEN1J"
1110,2152.0,"风雨两重天",48,"h6buKJiC"
1111,2151.0,"Malkavian",144,"q9gNeF3Y"
1112,2151.0,"次方",112,"HuPHTmzi"
1113,2151.0,"长三",80,"BfcGNeM1"
1114,2150.0,"LapisYang",1504,"ncDpeKqP"
1115,2150.0,"小绿帽",48,"Zju035DS"
1116,2150.0,"白开心",900,"T00Fxat6"
1117,2150.0,"蒙多医生",112,"BsmnJRZ1"
1118,2149.0,"Hierot",32,"uXYDnVn0"
1119,2149.0,"Tolerate",144,"HhRNWNrR"
1120,2149.0,"WeakBot2",80,"dXN9CRyb"
1121,2149.0,"云淡风轻",448,"9sLz0Mn9"
1122,2149.0,"傻逼发牌机",81,"Zdp4C0cQ"
1123,2149.0,"平生欢",160,"SwctU4vM"
1124,2149.0,"我是",176,"8BXFfn4E"
1125,2149.0,"清梦挽歌",128,"9phQCzp8"
1126,2149.0,"超薄也有距离",48,"iX8Lpsfs"
1127,2148.0,"WAduck",1368,"HPUwRiGz"
1128,2148.0,"tlr",244,"kHuRe0U9"
1129,2148.0,"我勒个痛啊",240,"4omsm378"
1130,2148.0,"木之心",64,"ZvJfqSVz"
1131,2148.0,"浅",160,"XbuNT7Jq"
1132,2147.0,"L香味",464,"xMQXpD2u"
1133,2147.0,"TYS",1448,"GuU8p6rf"
1134,2147.0,"Tenerife",160,"MSkeM1Y1"
1135,2147.0,"YandereChan",528,"P5ecikzC"
1136,2147.0,"qqll",128,"8tKQT0kJ"
1137,2147.0,"二狗狗不狗",960,"gHnZ3HQ6"
1138,2147.0,"王大星",480,"R1vcHeGh"
1139,2147.0,"钙热",368,"acvsW0Z8"
1140,2146.0,"ohmymy",96,"tvDmT4zT"
1141,2145.0,"Alismatika",1536,"M13raQHg"
1142,2145.0,"Bourbon",512,"GKDN7HF9"
1143,2145.0,"朴彩英",567,"jBZnr8Cm"
1144,2145.0,"清一nomi",16,"ENxM9ibR"
1145,2145.0,"绵羊",112,"mrCMHbXw"
1146,2145.0,"萧十三",96,"RMK2Q0r3"
1147,2145.0,"连六",7477,"cfJjr8sq"
1148,2145.0,"马砻",240,"98zSu9qe"
1149,2144.0,"OODCC",496,"nW5sBMmV"
1150,2144.0,"SCM7716",304,"V51B5JRE"
1151,2144.0,"inami",1844,"SMsk2zpL"
1152,2144.0,"卷谁呢",48,"xKqmeNiB"
1153,2143.0,"kiriha",64,"S0u9E5yc"
1154,2143.0,"南风",64,"km3wMh5t"
1155,2143.0,"珈蓝",64,"cMwhFKF0"
1156,2143.0,"陈宇涵",280,"SrFjgAAC"
1157,2143.0,"雷雨霆",3536,"AEvpCV3t"
1158,2142.0,"quill",40,"ZUk0yH5E"
1159,2142.0,"丁真牢大軍團",16,"dFm8NBWY"
1160,2142.0,"日麻是什么",256,"irPAvj8g"
1161,2141.0,"M81",136,"Ep9y4o32"
1162,2141.0,"lapulas",80,"2ppnQ1aq"
1163,2141.0,"summer",80,"ffpRfAd9"
1164,2141.0,"司马雀魂",16,"KqcgMA9z"
1165,2141.0,"心悦",1536,"q3bpxD15"
1166,2141.0,"穆里奇",80,"FK3CLcy4"
1167,2141.0,"舛敖",224,"789bQo6x"
1168,2140.0,"K437",1328,"rmWLRGb7"
1169,2140.0,"Tour诺达",16,"Dmhecsxx"
1170,2140.0,"pfsP",80,"3icLkm4t"
1171,2140.0,"一听就和",112,"aemnEuZH"
1172,2140.0,"上亿小弟",32,"1cTcWz7P"
1173,2140.0,"御无双青猫",112,"hA4tTBEy"
1174,2140.0,"韦一笑",12528,"UGz3GLFE"
1175,2139.0,"Jamesqin",48,"bGuGWVsk"
1176,2139.0,"萌新大肥猫",3095,"F59AGMuH"
1177,2139.0,"黑泽咲",240,"Q0XNXuUB"
1178,2138.0,"三十",2549,"nPwnGLQC"
1179,2138.0,"东云绘名",80,"aeike1h8"
1180,2138.0,"玖楼的考古家",16,"4kHqrnq9"
1181,2137.0,"Parousia",800,"v3S7buYL"
1182,2137.0,"不要南风",80,"o5TmXLqG"
1183,2137.0,"只胡小天凤",940,"tUkP6xyC"
1184,2137.0,"墨色清涟池",144,"64bi58Y4"
1185,2137.0,"小胡",9,"PpCN4rWd"
1186,2136.0,"Adrian105",64,"SfpZGhaf"
1187,2136.0,"Forenal",968,"6Cy4eFbD"
1188,2136.0,"K酱",432,"gJvPGind"
1189,2136.0,"chongyu7896",16,"witL8hAN"
1190,2136.0,"伏黑惠的玉犬",768,"izNnJF07"
1191,2136.0,"叽噜咕噜叽喽",32,"5VX1K5ez"
1192,2136.0,"秋名山丘比",32,"k9TXA3Zj"
1193,2135.0,"Panda棒哒",3040,"ZaH24Zmv"
1194,2135.0,"月黑风高夜",341,"e6fxW9mM"
1195,2135.0,"水望",256,"mUR6SDjL"
1196,2135.0,"没有刺的刺猬",32,"1wwBhJun"
1197,2135.0,"秋之穹雪曜",16,"eod85M0g"
1198,2135.0,"阿瑟！",112,"ejULjqnT"
1199,2134.0,"Obito",80,"2mPoVKkF"
1200,2134.0,"saltyfish",32,"a2XTYwD6"
1201,2134.0,"牧羊人",7574,"rN6LpuEK"
1202,2134.0,"萌薪996",48,"0AEFx80R"
1203,2134.0,"超级七对怪",736,"aRoBnnLq"
1204,2134.0,"风悠悠",192,"czMXvq1i"
1205,2133.0,"GREED",16,"XXPBPBJa"
1206,2133.0,"SSS",2640,"Rheh4Z1M"
1207,2133.0,"fragile",32,"E0TRKbWJ"
1208,2133.0,"ycrj",208,"589AQKUH"
1209,2133.0,"木木夕",224,"37NMvYJ5"
1210,2133.0,"相碰狮子",116,"oJRcNHQK"
1211,2133.0,"羽墨",176,"4a14fdzX"
1212,2133.0,"芋头",128,"oD8zY2Ur"
1213,2133.0,"蓝岚",112,"4hdvJ6Df"
1214,2132.0,"lhylx",112,"kiPzRJAk"
1215,2132.0,"void337",16,"0GNC1QLP"
1216,2132.0,"作业",824,"RBpUQbyU"
1217,2132.0,"到底是谁",608,"7ScU0sR7"
1218,2132.0,"发牌姬",1550,"1BEzDEFx"
1219,2132.0,"晚晴",64,"mska4wy6"
1220,2132.0,"榕一",656,"nG09jLH9"
1221,2131.0,"Molybdenum",32,"1k8Rzy5v"
1222,2131.0,"v70",144,"LawUQze1"
1223,2131.0,"全效进张",528,"Y1nrxcHG"
1224,2131.0,"南宁正氣雀馆",4272,"s1PxckGm"
1225,2131.0,"塔菲",480,"LNZ9WzRo"
1226,2131.0,"水星",16,"7fYqdNz4"
1227,2131.0,"海子哥",368,"BLstV1wM"
1228,2131.0,"雀蛏",442,"Tut1mjWm"
1229,2131.0,"龙lwf",6493,"DaL3AAFw"
1230,2130.0,"gggluggg",144,"aoFfJ3jh"
1231,2130.0,"parkloss403",1360,"1ibBpvo8"
1232,2130.0,"silence",80,"nCaApejw"
1233,2130.0,"一田",4327,"wuMPJFgw"
1234,2130.0,"水色如烟",4300,"KbmeW6ER"
1235,2130.0,"王牌小管",32,"bB6yTueu"
1236,2130.0,"肉布斯",160,"fjLTnccK"
1237,2129.0,"Aimp",728,"nAb0iCLH"
1238,2129.0,"Altros",80,"KaGQZFND"
1239,2129.0,"XXHYX",480,"139koeNA"
1240,2129.0,"miracle",248,"QGAG8Gvk"
1241,2129.0,"喵喵机",16,"ho3ku3fv"
1242,2129.0,"沐光重生",208,"GdzyrWYL"
1243,2129.0,"迷你张",16,"PgaC3knE"
1244,2128.0,"Simba07",800,"72VSQ4BP"
1245,2128.0,"xiaokiss",64,"GtoMzALA"
1246,2128.0,"亦然",8669,"fqn40DRx"
1247,2128.0,"令狐封",272,"2aUrCZdS"
1248,2128.0,"弥卡呦",196,"eJFiS5w1"
1249,2128.0,"牢C",80,"EbsAPkzD"
1250,2128.0,"绝命威少",42,"oYKfqE3M"
1251,2128.0,"飞龙在天",80,"vcNbzWqA"
1252,2127.0,"Ch1ak1",736,"NtnhxSY1"
1253,2127.0,"ck053",176,"iKUViinY"
1254,2127.0,"spoonzzzz",16,"G3UoT8qz"
1255,2127.0,"zinv",64,"uty3GSJs"
1256,2127.0,"天胡",96,"L6b6AAUw"
1257,2127.0,"木头羊",32,"4Vj1xZvn"
1258,2127.0,"蜜橘",5420,"BLprt7tn"
1259,2126.0,"Furry苏",16,"X4bpJH6y"
1260,2126.0,"bits",224,"WUuLEePW"
1261,2126.0,"pecuria",696,"45fioVgJ"
1262,2126.0,"岳麓山大王",32,"8xXEo5ry"
1263,2126.0,"无关烟尘风月",43,"C4BNzKyy"
1264,2126.0,"明薪99",560,"hJmRdoft"
1265,2126.0,"柳梦璃",1759,"PPHotfkF"
1266,2126.0,"渝淮",32,"GaZzwrTu"
1267,2126.0,"胖子zzz",144,"oBbizJJT"
1268,2125.0,"Duke",1344,"veDVLj6P"
1269,2125.0,"Kuma",1280,"ZpB5XWZd"
1270,2125.0,"NenNen",96,"iUWGebiV"
1271,2125.0,"SDU麻雀",176,"WUrJdkVc"
1272,2125.0,"morgl",48,"B8apjM4b"
1273,2125.0,"reswa1",320,"LQWRUc70"
1274,2125.0,"妙手捞月",640,"19Q4UKg5"
1275,2125.0,"秋8LUE",48,"n9vCVZxB"
1276,2124.0,"qjk",16,"mCjBDxEC"
1277,2124.0,"yy小泠",640,"q57ZW9Su"
1278,2124.0,"三索得了MVP",288,"bat1Ggxc"
1279,2124.0,"井川子虎",112,"EqmCU130"
1280,2123.0,"FMA",4019,"vWWmixTv"
1281,2123.0,"showmaker",16,"JHG6EjMb"
1282,2123.0,"林中及时雨",320,"7LN9L9wn"
1283,2122.0,"古月方源",32,"A7oGdLiy"
1284,2122.0,"杠上补花",32,"FWjwCuct"
1285,2121.0,"SfArccos",128,"XN3Lc3PG"
1286,2121.0,"仓鼠",80,"EQVbKkuC"
1287,2121.0,"六百六十六",80,"WcwY3KxM"
1288,2121.0,"小林",360,"FMi9H0ar"
1289,2121.0,"飞天不怕打雷",64,"vQQh26xV"
1290,2121.0,"鸭鸭大王",48,"8HfD7ixi"
1291,2120.0,"beita",48,"Ymebcx2x"
1292,2120.0,"l6lzzz",32,"9a04J86T"
1293,2120.0,"pedro",588,"Pi7SDnwL"
1294,2120.0,"pzhyjz",368,"PKmmmCaf"
1295,2120.0,"四角豆星",336,"4oir994Z"
1296,2119.0,"AbbyKo",720,"f5sHiznN"
1297,2119.0,"keke",944,"0Ry2XrAR"
1298,2119.0,"zacian",368,"ujkmKAsu"
1299,2119.0,"天使的锁",132,"XXfJaa89"
1300,2119.0,"洗墨梅池",48,"pZyZwdcH"
1301,2119.0,"活得太天真",16,"UWq57QAo"
1302,2118.0,"lakeside",4352,"VxvAKiUz"
1303,2118.0,"微风谷",16,"N2r13MAm"
1304,2117.0,"pakake",320,"A1xyMZxc"
1305,2117.0,"ssshamu",224,"2N6XJXxS"
1306,2117.0,"孤独与saki",113,"YSvCjL4K"
1307,2117.0,"火龙果说电影",64,"C4EQbChS"
1308,2117.0,"白龙小熊",112,"FRB9oZrY"
1309,2117.0,"萌新小白",64,"0JHzkd2E"
1310,2117.0,"顾浅辞",96,"Mum9noZC"
1311,2116.0,"supercp",112,"2sUkj5VW"
1312,2116.0,"yayoi",1120,"hsJbTLD9"
1313,2116.0,"夤夜长风",80,"Sk3d9EmL"
1314,2116.0,"大王八",2912,"17PpgCRv"
1315,2116.0,"天河",96,"NsK00Q8n"
1316,2116.0,"火鸡",1192,"C02bdpkk"
1317,2116.0,"百合123",16,"4jX2BkzB"
1318,2116.0,"胜负师f",16,"Hrgh4WsB"
1319,2115.0,"kulin",563,"CdwYo5Up"
1320,2115.0,"国标高手",16,"R4YgTvE4"
1321,2115.0,"我有亿点菜",75,"qSvZQEzg"
1322,2115.0,"沮望",384,"4AcTep5v"
1323,2115.0,"落夏",288,"AHfe8ChT"
1324,2114.0,"Esx",160,"8M5DR5nq"
1325,2114.0,"eco",16,"tLwGtmUi"
1326,2114.0,"mikan",160,"mSaD519m"
1327,2114.0,"neurax",112,"KZymN6aC"
1328,2114.0,"九莲老登",988,"eZsNmKdH"
1329,2114.0,"周周",32,"ebmGLjL5"
1330,2114.0,"立直大王",128,"UX7jJaSb"
1331,2114.0,"青花鱼尾",4096,"SbguPFEY"
1332,2113.0,"BrilliantIME",736,"7A5MmKND"
1333,2113.0,"JTY123457",16,"gn64DqsF"
1334,2113.0,"婉兮",64,"RXh3jWoG"
1335,2113.0,"小三元",25984,"w1QPqebu"
1336,2113.0,"平和達人",208,"jbHvpGD0"
1337,2113.0,"白菜",24,"UytbnMkV"
1338,2113.0,"菠萝自闭了",64,"SQh3RJjA"
1339,2112.0,"Silence",832,"Ggg3EzDe"
1340,2112.0,"Yuki琪琪",2816,"rhzJHqbx"
1341,2112.0,"suliao",112,"hZCj2zkM"
1342,2112.0,"symbol",464,"HrjigQum"
1343,2112.0,"不吃葱花",496,"GUm9uToq"
1344,2112.0,"卿湫",208,"q3YoLK7B"
1345,2112.0,"咖啡",1456,"qYdk1t6V"
1346,2112.0,"嗯不好不可以",184,"b9BC7NEx"
1347,2112.0,"王致和卤大鹅",813,"PYWSsauZ"
1348,2112.0,"还在流浪",1608,"DjmtGLZ0"
1349,2111.0,"UCAS2023",16,"5MWHjoVn"
1350,2111.0,"春落华庭",32,"AqHKhbTg"
1351,2111.0,"枫野",304,"o2sDLteD"
1352,2111.0,"母后皇太后",16,"NDsKYrFz"
1353,2111.0,"渋德安",64,"9F7QM6j7"
1354,2111.0,"玉逍遥",96,"EuEENGBJ"
1355,2111.0,"解忧雜貨店",4,"HYmkbxkR"
1356,2110.0,"wpolly",48,"nGmzn3iN"
1357,2110.0,"唐铭铭",127,"jGcZXY6X"
1358,2110.0,"唔C迪C",1056,"wRoxAYrd"
1359,2110.0,"执经人",464,"UDC19GDt"
1360,2110.0,"芜芯",160,"gaH9gj90"
1361,2109.0,"Ash",1357,"4sWGox1j"
1362,2109.0,"中島めいし",176,"DpNj1KcW"
1363,2109.0,"仲林圭",128,"sxpvXNi4"
1364,2109.0,"盈峰环境小彭",528,"CN8EzPah"
1365,2109.0,"第二片天",128,"X67YsDYn"
1366,2109.0,"绝寂",160,"4xTNRafX"
1367,2109.0,"郭橐驼",176,"XjdDXyR7"
1368,2109.0,"非正义的伙伴",72,"H2ZPcNjz"
1369,2108.0,"SpireSleeps",32,"A6C0rRhi"
1370,2108.0,"包包大人",48,"DWs2ecHb"
1371,2108.0,"诚",416,"a60U4VUo"
1372,2107.0,"NaNetO",32,"7Zo2BtKq"
1373,2107.0,"yyyyyyh",48,"o3Y0ApRK"
1374,2107.0,"千早爱音",176,"TR5NW13h"
1375,2107.0,"圓點儿",976,"1XrNEGwo"
1376,2107.0,"小白",527,"nb2c2gd8"
1377,2107.0,"我是时光啊",412,"BUXwGFWa"
1378,2107.0,"曦光",16,"Lh13VirS"
1379,2107.0,"月明天朗",560,"q1k9dxmD"
1380,2107.0,"浪子流风",16,"aVCpVaqh"
1381,2106.0,"Eumenides",176,"08k20Hiw"
1382,2106.0,"与梦随缘喵",80,"2G4bgggo"
1383,2105.0,"PlanB",192,"UwAdE5pX"
1384,2105.0,"awei",96,"6Sm4tSed"
1385,2105.0,"求人不求己",272,"SCMnWspg"
1386,2104.0,"Neam",88,"2xv2CHAo"
1387,2104.0,"七夕",128,"kH7bbHBc"
1388,2104.0,"无想の呦",272,"u6GbFXaA"
1389,2104.0,"春米",32,"tY7MoTNC"
1390,2104.0,"無番和自摸",192,"rTWVr1bU"
1391,2104.0,"章无律",2544,"8Nxy9k2G"
1392,2104.0,"西月",352,"RqcQRdZZ"
1393,2103.0,"Catsaki",16,"AsGVp2sK"
1394,2103.0,"Restist",848,"mA35SoQg"
1395,2103.0,"Szdzs",4403,"2psp0uJJ"
1396,2103.0,"rapid",80,"QV56m24D"
1397,2103.0,"宇笙",128,"Grsbde4u"
1398,2103.0,"插ga",56,"sTzHR9F0"
1399,2103.0,"火柴",112,"JgBC1N0p"
1400,2103.0,"碰碰胡幺九刻",128,"3DZhkiuM"
1401,2103.0,"超收敛模形式",32,"RGiBf1Bq"
1402,2103.0,"阿彰不凑番",2928,"U59nxtoR"
1403,2102.0,"Ahnenerbe412",347,"06pFemAJ"
1404,2102.0,"Jayden1129",32,"ULRwKqV9"
1405,2102.0,"WeakBot1",80,"2duq7DrZ"
1406,2102.0,"依璐",640,"DDcsK8sX"
1407,2102.0,"信教的coke",80,"4g5g83vt"
1408,2102.0,"前锋之花",16,"AwRJYF6q"
1409,2102.0,"成歩堂龍1",64,"TWvfP6Eo"
1410,2102.0,"炸烫面油饼",96,"MhsNWfav"
1411,2102.0,"贼啦稀罕你",320,"qxFtESkG"
1412,2101.0,"天才菜喵747",192,"VKTVtALa"
1413,2101.0,"番茄不能炒蛋",1019,"mfTZ5eQX"
1414,2101.0,"空想少女",4812,"XqYmpjYv"
1415,2101.0,"蚀叁夭",6024,"rbxNfy9t"
1416,2100.0,"SEiYA",472,"8kiMdgJg"
1417,2100.0,"正弦",452,"1dzM4vZC"
1418,2100.0,"熔岩",832,"ARHqXzik"
1419,2100.0,"药师0911",64,"c6QYTCo0"
1420,2099.0,"CatHikari",328,"KsVR5phn"
1421,2099.0,"Charlll",16,"hsFZrSAa"
1422,2099.0,"Enmity",16,"u8ZMnm3M"
1423,2099.0,"时转运来",32,"P4ypW8Ap"
1424,2098.0,"Fervidstar",364,"8F0GBL2a"
1425,2098.0,"SherWu",1212,"LM2Qy2rJ"
1426,2098.0,"xtd",416,"B8ar72er"
1427,2098.0,"光明之眼",224,"wAvKz5kh"
1428,2098.0,"喻秋水",800,"ntFDzfah"
1429,2098.0,"尚恩",2432,"YPSCCmCv"
1430,2098.0,"白晓异",160,"XXiLBSrd"
1431,2097.0,"Yu",208,"fhMfqCda"
1432,2097.0,"万俟北辰",256,"bYVBXgiN"
1433,2097.0,"不求人",608,"9no9sFS7"
1434,2097.0,"不重要的同学",48,"5Va2vyNT"
1435,2097.0,"云枫",96,"mudiMJAx"
1436,2097.0,"绫十字",32,"JKw4Zorz"
1437,2097.0,"风的思绪",1461,"CBuUm8bJ"
1438,2096.0,"PeterGriffin",192,"MyE8vfxH"
1439,2096.0,"Rickie",32,"F78K077y"
1440,2096.0,"东坝第一莽夫",32,"kcygZQcr"
1441,2096.0,"人木自心",16,"KdePEknD"
1442,2096.0,"北部玄驹",1376,"es9YMqi6"
1443,2096.0,"卡卡",5037,"knXfhQvh"
1444,2096.0,"大年糕",144,"TYuTLXYe"
1445,2096.0,"快乐人生",416,"Y2TdnYD3"
1446,2095.0,"Mercy",224,"4sTGaktW"
1447,2095.0,"dmd",318,"cPXweYqg"
1448,2095.0,"paidax",1799,"3zZfVMvZ"
1449,2095.0,"氟碳硼",64,"USY11eyq"
1450,2094.0,"光睿",16,"5PS45Kuj"
1451,2094.0,"木之本樱",384,"VtmLCpWY"
1452,2094.0,"番多多",3544,"qq8LfJFg"
1453,2094.0,"雀鬼",112,"QA5LHE4r"
1454,2093.0,"BestMaomi",340,"DSDHkofK"
1455,2093.0,"Dreamcast",192,"Gy0AwZRY"
1456,2093.0,"Giraffe",32,"EGsPvxrA"
1457,2093.0,"数据终端",48,"XKvZ6Qks"
1458,2092.0,"floatcloud",800,"m8ALiA3J"
1459,2092.0,"山兔",64,"w6ng5eQa"
1460,2092.0,"廃棄物",256,"WcwZS1gH"
1461,2092.0,"木辛子",1024,"v52PNqk1"
1462,2092.0,"白羊",112,"tCDGsSq7"
1463,2092.0,"蚂蚁NMIXX",32,"2dxrj7u8"
1464,2092.0,"麦克风亚泽",576,"F0JpT187"
1465,2091.0,"kanna",1245,"G0prWmDC"
1466,2091.0,"六三",48,"XE9n3cRG"
1467,2090.0,"Deictic",48,"ZJMzdnRN"
1468,2090.0,"TangSan",32,"57rXD9wt"
1469,2090.0,"开尔文的肯定",80,"FMf7g7sN"
1470,2090.0,"福娃二妹",640,"WPphvUvS"
1471,2090.0,"蓝天skyhuner",1120,"aNK9tXMC"
1472,2090.0,"蜡笔小帅",80,"sMuLBQ5T"
1473,2089.0,"InvisibleP",448,"e0ZuC17Y"
1474,2089.0,"一蓑烟雨",80,"J2RWf9Zr"
1475,2089.0,"朱雀",384,"9QS6YoVo"
1476,2089.0,"源千鹤",80,"MajqwXYM"
1477,2088.0,"Echopchy",64,"QRjzSyvo"
1478,2088.0,"名字不重要",144,"7mgo5KGq"
1479,2088.0,"茶花",584,"r3TD4dVD"
1480,2087.0,"三门齐",8508,"sFpnVN30"
1481,2087.0,"匃洗湘冯",640,"1Srd9nNy"
1482,2087.0,"诸光",1248,"J7k2eDUN"
1483,2086.0,"nayara",176,"SQe3C7ax"
1484,2086.0,"冰印神座",2159,"PWCAjFQj"
1485,2085.0,"Simon919",656,"BW3JdKdR"
1486,2085.0,"只和三步高",319,"3KhfCfnq"
1487,2085.0,"病娇灰姑娘",2581,"GQ8yP8C2"
1488,2085.0,"蔓蔓蔓蔓蔓蔓",64,"sj1vHCq5"
1489,2085.0,"贯",4840,"AtoEMz9T"
1490,2084.0,"一龙戏珠",48,"mZhkf9Vg"
1491,2084.0,"九方",32,"iAaZVHVn"
1492,2084.0,"八九胡十万",7455,"eCouy647"
1493,2084.0,"洋平",80,"kHAbpVWF"
1494,2084.0,"玄天战猫",80,"6eAhx1d5"
1495,2084.0,"科大",112,"PB0mWgcR"
1496,2084.0,"花散峪山人考",48,"LBasdLtd"
1497,2084.0,"見えない",32,"QCPcRZGK"
1498,2084.0,"诈和天地人和",9211,"AzuK3pft"
1499,2084.0,"这是一个小号",192,"KBjrexsz"
1500,2084.0,"醉暮",64,"UgL1Fr2E"
1501,2083.0,"Rozen",224,"pm3ERfgN"
1502,2083.0,"ok小子",64,"CMWSje9m"
1503,2083.0,"初芝雪音",288,"eCrvBJNm"
1504,2083.0,"末冬乌云",16,"nb5cFsmM"
1505,2083.0,"荆芥特好吃",528,"T9WDUiTU"
1506,2082.0,"PHIGROS",48,"4kHsEUZ5"
1507,2082.0,"angu",448,"xJhwQxd1"
1508,2082.0,"pcx1078",1303,"UaVi03Np"
1509,2082.0,"四四子",1345,"VFwV8QeJ"
1510,2082.0,"无番胡连六",16,"aeSc3x8d"
1511,2081.0,"Fantacy",32,"ri2KuiKR"
1512,2081.0,"兆庭",16,"7A8PNDQo"
1513,2081.0,"歌彫",3941,"wq6ByeUU"
1514,2081.0,"算符",464,"qjKY0d3w"
1515,2081.0,"风车车酱",80,"aJBUcPaW"
1516,2080.0,"冷忆",16,"B59qpgho"
1517,2080.0,"小任好运来",112,"BmgrTNi7"
1518,2080.0,"日月星辰帅哥",2481,"1aXU1SM2"
1519,2080.0,"糊涂蜜蜜",1808,"tpAiN8Mw"
1520,2079.0,"GlassRod",80,"RhbfTf7T"
1521,2079.0,"啖酷",64,"RbA4F4mc"
1522,2079.0,"江海寄余生",2500,"eXAZ3pJM"
1523,2078.0,"GoodNight",512,"U2WDAXR7"
1524,2078.0,"TMT",16,"RZHJ7jeZ"
1525,2078.0,"Virophage",476,"rqHkhPQ4"
1526,2078.0,"wsw1840",16,"TR8NjCBv"
1527,2078.0,"枪匠",16,"bBA04ohU"
1528,2078.0,"真心",4112,"eGKx5ZX4"
1529,2078.0,"连七对",16,"RFEUhyob"
1530,2078.0,"陈佳豪",1429,"jxKWrMnf"
1531,2077.0,"jtnmsl",144,"XqJ7rm13"
1532,2077.0,"jzjbest",320,"U8aoFFdY"
1533,2076.0,"十鬼蛇沃玛",320,"JqiFcsJK"
1534,2076.0,"奇克kik",192,"PYZUUTd2"
1535,2076.0,"打国标第一天",72,"KaDNxNek"
1536,2076.0,"陈杨飞雅",1365,"VPhYN2q4"
1537,2075.0,"A1S",16,"P1SnNfsY"
1538,2075.0,"Haru",32,"Qdz1bkjz"
1539,2075.0,"Rich",144,"uL4bVinF"
1540,2075.0,"刘恒",16,"GfxEp8pF"
1541,2075.0,"哎呦我去",5425,"KGGZig26"
1542,2075.0,"渼酒",2739,"ZiPnUvnp"
1543,2074.0,"rong07",16,"A4GEVuSS"
1544,2074.0,"softhuang",32,"KU5RVRmG"
1545,2074.0,"伪随机",1803,"7QiDf6sg"
1546,2074.0,"御无双",320,"anUqFLT9"
1547,2074.0,"琵琶鱼",528,"AZJZ7GHE"
1548,2074.0,"苑清青",1151,"LYwCEA5C"
1549,2073.0,"Ccy",32,"ftNzKiTB"
1550,2073.0,"小虫鼬",1365,"SdyfvV15"
1551,2073.0,"日暗地旱",80,"sfVX865q"
1552,2073.0,"爱喝水的思",96,"icY7gyds"
1553,2072.0,"TenyZ",16,"HFSiEKFp"
1554,2072.0,"国标麻将浪人",1380,"pNtsdNSt"
1555,2072.0,"悠雨丶浪淘沙",584,"0hdrw2W1"
1556,2072.0,"春田太太",32,"8M2BpD4M"
1557,2072.0,"萌新小雷",96,"5hVJRW2k"
1558,2071.0,"我来截个和",176,"0jZdGZmH"
1559,2071.0,"阿橘ovo",16,"1UNMiig6"
1560,2070.0,"Richard71705",208,"5sJfi9zx"
1561,2070.0,"果味苏打",32,"es6Wkxqx"
1562,2070.0,"潇",448,"HwKRyKVT"
1563,2070.0,"潮汕马化腾",32,"YmykRD22"
1564,2070.0,"燕麦豆乳",1200,"C68gKdx4"
1565,2070.0,"陈亚轩",416,"p0nTyjfC"
1566,2069.0,"C8H16O2",16,"YbmVVtrL"
1567,2069.0,"Imok",512,"R6RRCYJ5"
1568,2069.0,"Yangyumao",16,"fQtZot30"
1569,2069.0,"xxxr",32,"CKwgZq0U"
1570,2069.0,"丛寂",16,"1Q5HcymV"
1571,2069.0,"冥小喵",32,"wStnAnCs"
1572,2069.0,"川和桜子",192,"BKGci5tM"
1573,2068.0,"Minterror",256,"1NcafvBq"
1574,2068.0,"clodes",16,"ho6nVwY4"
1575,2068.0,"楠枫溪",464,"pQMaaS1Y"
1576,2068.0,"番",224,"MAfpYvkC"
1577,2067.0,"Nova",144,"Npgvq82j"
1578,2067.0,"寳儿丶少爷",464,"T65DBL2e"
1579,2067.0,"崇灯",96,"YRPUAPnB"
1580,2067.0,"茉莉鲨",336,"VjCPrCFG"
1581,2066.0,"Ghuxi",16,"92tNCKTu"
1582,2066.0,"MakiYu",32,"E3AjFWfv"
1583,2066.0,"Sakura",96,"tsbhGqCW"
1584,2066.0,"伍洵珠",16,"izKn52gU"
1585,2066.0,"小小小小秋",121,"RHr3G8Sy"
1586,2066.0,"木头小人儿r",16,"6feQu41K"
1587,2066.0,"王泥喜法介",836,"myNUAX5i"
1588,2066.0,"聆风秋邻",1407,"35rdMbsG"
1589,2065.0,"h0081324",544,"YHQejvuP"
1590,2065.0,"小熊摊手",853,"xWvTxdsb"
1591,2065.0,"晨昏对峙",32,"GwUQzwFo"
1592,2064.0,"dawn",48,"LyNkoEtS"
1593,2064.0,"你买菜必涨价",1056,"ZuXsAQf1"
1594,2064.0,"彭文豪",16,"jPS44e6N"
1595,2064.0,"阿月",5944,"8ExEaTK6"
1596,2064.0,"魂魄",1904,"hzUMZwmm"
1597,2063.0,"Clay斯托瑟",80,"3GtJ3zSt"
1598,2063.0,"Oscar",48,"Re7ex5rm"
1599,2063.0,"博博",672,"anXqUXbN"
1600,2063.0,"多晴龙井",32,"QmYqte40"
1601,2062.0,"molan",176,"pTqb5zzt"
1602,2062.0,"孤影",304,"fpDpqAzV"
1603,2062.0,"御剑飞行",2743,"kRs905A2"
1604,2062.0,"星月城",512,"mmeWmo1w"
1605,2062.0,"贰山山",3929,"BBJvjhKh"
1606,2061.0,"fjw6291",48,"T9ZDhubh"
1607,2061.0,"佩奇QAQ",80,"1NHQUxvr"
1608,2061.0,"居居",192,"TgXekJZw"
1609,2061.0,"幻月符文",48,"9g51XtG0"
1610,2061.0,"断平三色AAA",480,"ZS0B2b47"
1611,2061.0,"甜橙",16,"fS1RQzR4"
1612,2061.0,"白石奈奈",176,"jmBpJuuK"
1613,2061.0,"百里",448,"4DGRysrv"
1614,2061.0,"笹葉更紗",224,"h84df3s7"
1615,2060.0,"Ambitious荣",32,"jpWQdA9V"
1616,2060.0,"lwyshawn",128,"svu9As2W"
1617,2060.0,"peipei",240,"1nNDx0BB"
1618,2060.0,"冰蓝雨晨",128,"sZTa7ZEw"
1619,2060.0,"小犬卡西",784,"3phHzVei"
1620,2060.0,"星月9996",2336,"v3V9Coav"
1621,2059.0,"defuqkl",16,"aLrSwTnY"
1622,2059.0,"加贝勒",5216,"xTessaLM"
1623,2059.0,"葡萄汁",752,"jvkkgXSx"
1624,2059.0,"阿升",520,"t1Hw2xG7"
1625,2058.0,"Hpp",16,"VDKYRCsP"
1626,2058.0,"Meikro",128,"UaYjbxGi"
1627,2058.0,"PreB",376,"UCssLzf5"
1628,2058.0,"佐佐木淳平",308,"9U9m2LkP"
1629,2058.0,"北京九十四中",32,"HzkQt12g"
1630,2058.0,"大三元",32,"Ci2KvQ7n"
1631,2057.0,"roysongor",144,"EEwcBjZc"
1632,2057.0,"喵喵麦当当",16,"U56mLzuX"
1633,2057.0,"浅风晚浪",48,"PxsokYqG"
1634,2057.0,"菜鸟123",756,"SEG1sdDS"
1635,2057.0,"西兰花",202,"J5uXAjRF"
1636,2056.0,"Jencese2号",336,"s2Rm14bR"
1637,2056.0,"bangdoll",160,"17PoHWrf"
1638,2056.0,"fgr",80,"SyUXPeay"
1639,2055.0,"乐仔lss",128,"pbRvgpGG"
1640,2055.0,"笔锋微凉",640,"Boczxvd9"
1641,2054.0,"Hotaru",112,"J2NV3FXG"
1642,2054.0,"Jesse",256,"rs5dqPMe"
1643,2054.0,"V0Ghost",256,"h1KF6NCU"
1644,2054.0,"supmary",96,"KN6rbnEx"
1645,2054.0,"丝瓜",304,"KqZekHHq"
1646,2054.0,"喻川",80,"PsSVtfGN"
1647,2054.0,"大节不夺",112,"CfTHM24J"
1648,2054.0,"白夜撞鬼",679,"akXagQ3r"
1649,2054.0,"黎洛溟JM",288,"0Q5HoBvz"
1650,2053.0,"Cast27",320,"LSrDcikh"
1651,2053.0,"momo",144,"3rd4L1cd"
1652,2053.0,"卡先生",112,"Ucs0kGUB"
1653,2053.0,"自古以来",16,"2G1a4nnu"
1654,2052.0,"Ni9e",64,"J3uEzth1"
1655,2052.0,"困了喵",128,"iwavmenk"
1656,2052.0,"天然法师",64,"sfYYjzzj"
1657,2052.0,"桐馨",16,"6Sp6VKWn"
1658,2052.0,"流子",64,"ot1MykLg"
1659,2052.0,"遠坂見月",64,"tJKMZGA7"
1660,2051.0,"Ryzen",84,"RzNQg9q9"
1661,2051.0,"一碗小甜粥",7328,"sVzazfyn"
1662,2051.0,"千手白子",64,"E3DksPY4"
1663,2051.0,"星晴",1159,"acyu6ubi"
1664,2051.0,"自然醒",512,"nzSD3X6T"
1665,2050.0,"laomujiang",16,"6WE6nhLu"
1666,2050.0,"乙二胺四乙酸",416,"HMk4ub2t"
1667,2050.0,"普通怪兽奇卡",32,"TaeJseLi"
1668,2050.0,"甘蔗",16,"twkW11RG"
1669,2050.0,"辅辅",400,"8aRbSX21"
1670,2050.0,"雏步",704,"21V2D6gP"
1671,2049.0,"Homeless",160,"U0uxPbN7"
1672,2049.0,"Tricale",64,"noMsx7Xd"
1673,2049.0,"chen",1136,"NP7e70TA"
1674,2049.0,"小凳子",144,"qbHJpEL7"
1675,2049.0,"微光",176,"PuSoTBHW"
1676,2049.0,"老王c",32,"Lf2FYHqx"
1677,2049.0,"茗清流",4732,"ECFZAydz"
1678,2048.0,"洛天依",826,"PW9AW365"
1679,2048.0,"萌新有雪",416,"ax0BaV2J"
1680,2047.0,"三百斤小胖熊",508,"0oiS0nSq"
1681,2047.0,"冰梦",52,"7NKPv6dS"
1682,2047.0,"决绝玦",264,"b1Z26GMt"
1683,2047.0,"嗯嗯",32,"27KK6BsV"
1684,2047.0,"蜘蛛",880,"ov09w9U6"
1685,2046.0,"璃小玖",48,"JV9s8A1E"
1686,2045.0,"无机盐",176,"fbaMncrm"
1687,2045.0,"熵减",2088,"tjqe3C1k"
1688,2044.0,"小小鹿",160,"bnPEzdMQ"
1689,2044.0,"撒点小孜然",16,"AwNGwMCw"
1690,2044.0,"珉紫",16,"Kg3ibr92"
1691,2044.0,"琪露诺不是九",768,"GUpBWMrQ"
1692,2043.0,"九夜",32,"X2eYLezj"
1693,2043.0,"逝幻境霰幕",432,"vS0xp30V"
1694,2042.0,"felzione",16,"c4touGVs"
1695,2042.0,"wyy1990",208,"QpypoKcD"
1696,2042.0,"二策",908,"D2WfPnr9"
1697,2042.0,"何いみ",320,"gzP5D8Qq"
1698,2042.0,"打雀青年",320,"Fn9jDnhj"
1699,2042.0,"无奈喵",112,"BBFu7pTY"
1700,2042.0,"晨三",792,"RqcP2wqd"
1701,2042.0,"晨曦",32,"7ApACA4y"
1702,2042.0,"萧寒头号红粉",496,"7WG04SBz"
1703,2041.0,"上木荔枝",32,"s2Uncye0"
1704,2041.0,"俏姐姐",32,"nRY1fb1d"
1705,2041.0,"春江",16,"eg0JqbXD"
1706,2041.0,"暗刻来了",5987,"Y8ecrPb8"
1707,2041.0,"火星包",112,"4NznYpSp"
1708,2041.0,"芒果菓菓",16,"xVSm0bUM"
1709,2040.0,"Nagaiyume",144,"ZAJFqHzG"
1710,2040.0,"Weldon",11370,"g2wZw0dx"
1711,2040.0,"duncan21",3943,"ciyFujEQ"
1712,2040.0,"qsw2025",873,"b52QmscS"
1713,2040.0,"stonemason",160,"VVnVbnzc"
1714,2040.0,"乌萨奇",192,"AvhW6Q6j"
1715,2040.0,"小霸王团子",112,"BiFrA0t0"
1716,2040.0,"浪子燕青1974",320,"K5dmy8Xz"
1717,2040.0,"茗芮里",1872,"ADNa2ScR"
1718,2039.0,"Jk酱",1008,"W93FGX6x"
1719,2039.0,"terum1212",448,"JwuEgiEN"
1720,2039.0,"加油各位",1968,"gnUDFJGv"
1721,2039.0,"夜司风雨",48,"9FARy0d1"
1722,2039.0,"海",1304,"F7s7RwfH"
1723,2039.0,"黑火",352,"5jN3A9aY"
1724,2038.0,"Kagami",240,"TiTR5qPA"
1725,2038.0,"Kay1212",48,"en9PkctW"
1726,2038.0,"annayanami",16,"2ihC64v5"
1727,2038.0,"弧龍星",1456,"ugDkaQ0C"
1728,2038.0,"風林火山",1088,"kDeb4iLC"
1729,2037.0,"Aurora",144,"YkAtfuoP"
1730,2037.0,"小华",48,"KBgq359W"
1731,2037.0,"尘墨",48,"qEgXFUAV"
1732,2037.0,"显卡",848,"rH9yAT00"
1733,2036.0,"David",5434,"dTg1igkw"
1734,2036.0,"Muigi",48,"TYrRjdW4"
1735,2036.0,"kbb",32,"3294h8vu"
1736,2036.0,"无有之间",80,"hiph1WBt"
1737,2036.0,"橙",144,"7SfVck8b"
1738,2035.0,"lpa",112,"D8eeEQjA"
1739,2035.0,"滚烫小豆浆",3818,"gcHTFDr2"
1740,2035.0,"观自在",1818,"McFaVTgp"
1741,2034.0,"INFP",624,"mNL9CUZo"
1742,2034.0,"WLSTALIN",384,"4QTVVt1U"
1743,2034.0,"foreverXZC",16,"4DKSC5AZ"
1744,2034.0,"吱吱",176,"h4kE1433"
1745,2034.0,"天使的浦",848,"bnLDNkdw"
1746,2033.0,"gbnewbie",784,"nLF0Hcz4"
1747,2033.0,"秋秋",96,"iMGMU2JY"
1748,2032.0,"下等立直麻将",256,"JtNCZEw6"
1749,2032.0,"无言清澈之风",64,"4RvrF3ER"
1750,2032.0,"菠萝吹雪",5056,"kVP9jsL5"
1751,2032.0,"足立レイ",320,"9jN9ZuBi"
1752,2031.0,"RimanC",72,"BpLoPmdF"
1753,2031.0,"fiorgace",128,"Rn8NXNZw"
1754,2031.0,"modayo",48,"4kEqdaWW"
1755,2031.0,"大大大鹏子",32,"kTTN0eLt"
1756,2031.0,"桔梗",152,"FYJhNinA"
1757,2031.0,"玄魄",80,"G9fQMyEC"
1758,2030.0,"依万苏",9458,"T3UGU9S9"
1759,2030.0,"妖妖果",160,"UiJpDEsJ"
1760,2029.0,"YOLO",3250,"hPqgYbDu"
1761,2029.0,"imv",272,"LospeqCR"
1762,2028.0,"奶瓶",112,"Zsc4SBfp"
1763,2028.0,"早柚",208,"qPaS6BrF"
1764,2028.0,"武小玲",751,"tmRtSRun"
1765,2027.0,"Bullshitmatt",64,"rrjy2Knf"
1766,2027.0,"RBsq",704,"FUu2rgkx"
1767,2027.0,"小灰灰",32,"3h16MWA6"
1768,2026.0,"SL七叶",1272,"uSFCQXam"
1769,2026.0,"ShovelKnight",816,"TCEJ6N8K"
1770,2026.0,"伯德",328,"1AvqQxYU"
1771,2026.0,"我最逍遥",96,"ZKsCBx0g"
1772,2026.0,"洋山芋炒咸鱼",208,"9BKF2GvN"
1773,2026.0,"清风",128,"YywfNdC4"
1774,2025.0,"深海大菠萝",112,"9Qgj85A3"
1775,2024.0,"DE",32,"XVpRDLys"
1776,2024.0,"Feira",208,"XLEhufrt"
1777,2024.0,"Toriel",328,"S4f3u6mv"
1778,2024.0,"znev",64,"H0c6G3k8"
1779,2024.0,"海狼李林",5928,"diXjmLJr"
1780,2024.0,"萌新99成",2459,"qV6M85ii"
1781,2024.0,"黄腾",80,"E8og7UQ4"
1782,2023.0,"阿珊",784,"J0RD5dr4"
1783,2022.0,"payphone121",448,"hA4uqsyu"
1784,2022.0,"庄寒雁",960,"jVY8mTHh"
1785,2022.0,"敏敏子",80,"vgwpfKha"
1786,2021.0,"二",6280,"CJ5SSGd0"
1787,2021.0,"馆长长长长长",112,"FihrAHur"
1788,2020.0,"ExplodedCT",256,"C2feRPY9"
1789,2020.0,"MarioYio",48,"tLCUSw4K"
1790,2020.0,"homasWSC",1588,"2VsbvriT"
1791,2020.0,"qcy",128,"NXBMvV2x"
1792,2020.0,"九歌哥",32,"qjGWPjA2"
1793,2019.0,"Mon3tr",608,"qYaiQzCb"
1794,2019.0,"MrLiu",176,"qtZLxfoS"
1795,2019.0,"jzlxlorf",48,"V0pN7u0m"
1796,2019.0,"trane",960,"YMvTepvn"
1797,2019.0,"初冬666",400,"J5uVo2hK"
1798,2019.0,"椒麻小菜鸡",32,"QJ1wSYTy"
1799,2019.0,"渣渣夕",112,"4ybCf133"
1800,2018.0,"gggmouseee",792,"gEQCCnnN"
1801,2018.0,"余光",2956,"bwrahuxU"
1802,2018.0,"我来辣",7323,"DUwGJ4te"
1803,2018.0,"数错番紫乌龟",352,"P7amDKfN"
1804,2018.0,"辕",1328,"o0xxcTEv"
1805,2017.0,"PureTea",84,"uf71RNPJ"
1806,2017.0,"是小天才耶",504,"9BePqYA4"
1807,2017.0,"桃蹊柳陌",7392,"39GcGHQV"
1808,2017.0,"牌手",288,"AyJ3GtAr"
1809,2016.0,"Middag",96,"HTn0XSuE"
1810,2016.0,"核武器",96,"XyMrfET9"
1811,2016.0,"球1234",136,"NMXNL5Rv"
1812,2016.0,"留下的静悄悄",1837,"n4ZTENcU"
1813,2016.0,"雀神A01",292,"Jc0V8LLD"
1814,2016.0,"食卓塩",48,"aQGRr9Km"
1815,2015.0,"忆相逢连六",528,"x0RyP0dk"
1816,2015.0,"检查绝张",208,"mugjyAuR"
1817,2015.0,"玖染",32,"83pBGf29"
1818,2015.0,"琦玉",112,"B1q5QLnU"
1819,2015.0,"离歌",176,"bapzfp5T"
1820,2015.0,"萌新小笨鸟",3133,"K5amjwDL"
1821,2014.0,"minji",16,"Kxt68qev"
1822,2014.0,"zhozho",144,"QEKNn5Xb"
1823,2014.0,"老子很帥",192,"jTasoqAT"
1824,2013.0,"墨风镜花水月",16,"6Yqey9qJ"
1825,2012.0,"和光同尘",528,"oMwX2fWP"
1826,2012.0,"国家三级废物",304,"8KazUF4J"
1827,2012.0,"漳州Cody",64,"5fx4FTjy"
1828,2012.0,"秀秀",16,"wZ1jdj6L"
1829,2012.0,"草莓",224,"sMAZ8F6e"
1830,2012.0,"荔枝好吃",352,"pUyoUSct"
1831,2011.0,"nmleague",32,"iSzY5fRM"
1832,2011.0,"国标良辰加油",720,"LHfoURVf"
1833,2011.0,"小柒zZ",240,"TewNyPFK"
1834,2011.0,"清风明月",240,"NcL6YDQ7"
1835,2011.0,"渣不多德勒",176,"jARxciiJ"
1836,2010.0,"shiro",208,"9WX3nZqm"
1837,2010.0,"刘晓燕",192,"ZQSwsYmL"
1838,2009.0,"冰封",176,"gzL4zw6B"
1839,2009.0,"呓语年少",64,"H0f7sxe2"
1840,2009.0,"幽梦一帘",56,"3sLsmscj"
1841,2009.0,"欧宸羽",2328,"4bXqcFrv"
1842,2009.0,"欧鳇要下头",128,"HdKyGnCY"
1843,2009.0,"绝不认输",64,"4qhe6aNQ"
1844,2008.0,"fyiak",320,"n82TkwtA"
1845,2008.0,"五岳华山",160,"CN5EmCSU"
1846,2008.0,"国家二级废物",1824,"hisidP42"
1847,2007.0,"倒不推推不倒",496,"sVwZNn4t"
1848,2007.0,"天野ヒトミ",848,"FvVbsfJR"
1849,2007.0,"小凯凯",64,"wKfziby9"
1850,2007.0,"拈牌一笑",1885,"Xo56bTD0"
1851,2007.0,"淡定哥",715,"KVghGLVA"
1852,2007.0,"胡图图图图图",32,"3iZK8s2J"
1853,2006.0,"Mo鱼",3880,"jXpvHhxJ"
1854,2006.0,"我是战神",2172,"AtkCm6HJ"
1855,2006.0,"来吃莴苣吧",64,"SL4ruzrm"
1856,2006.0,"花毛",1901,"pqDvw0UM"
1857,2006.0,"达斯眉目",700,"WwZyFwN1"
1858,2005.0,"DSCH",144,"TgXdMczg"
1859,2005.0,"srj",16,"aV9nthyY"
1860,2005.0,"弃月",395,"VzqwgF2c"
1861,2005.0,"细呷温酒6708",1559,"S2rRBj5r"
1862,2005.0,"郑美云",112,"bwoZ613a"
1863,2004.0,"IceCola",96,"59hQaMvk"
1864,2004.0,"北条沙都子",368,"szRBJJuk"
1865,2004.0,"子夜",32,"sMDZMTRH"
1866,2004.0,"牛岛大王",496,"2LMfnR0h"
1867,2003.0,"发腮缅因",16,"Am8YM5yr"
1868,2003.0,"王大胖",256,"WRQyhR77"
1869,2003.0,"逃课的安",576,"pqGxXtBq"
1870,2002.0,"Ramoynd",96,"S86wxaz5"
1871,2002.0,"四喜",7528,"2oM4SxsV"
1872,2002.0,"新建文件夹",2180,"MojCnEXt"
1873,2002.0,"祝",80,"G1Yexbdb"
1874,2001.0,"IO",16,"4M2VCVu0"
1875,2001.0,"图图帕特",1168,"WccQdkFA"
1876,2000.0,"dz",448,"EUnfRVD6"
1877,2000.0,"zyl",608,"Q21b64CA"
1878,2000.0,"伊尔",368,"tqixYAX2"
1879,2000.0,"昵称",16,"hXGxhTV5"
1880,1999.0,"NaOH",328,"wxjMzm5w"
1881,1999.0,"小米",96,"TLC04mgz"
1882,1999.0,"平和",780,"XwS5JiVE"
1883,1998.0,"OFDM调制解调",164,"7hT4z6v3"
1884,1998.0,"chris",16,"SLQ0iFqr"
1885,1998.0,"何文文大人",84,"V2Jah3tR"
1886,1998.0,"卖间久里代",1726,"nW2qaV31"
1887,1998.0,"抹茶味纯子",1440,"g2zbXugX"
1888,1997.0,"kay",2169,"NTfKo2KP"
1889,1997.0,"下一张牌自摸",528,"8KXxsNC9"
1890,1997.0,"企鹅",48,"KmQTs3xX"
1891,1997.0,"刘十六",80,"WFrzZQfb"
1892,1997.0,"无情炮手",248,"By6T8Foy"
1893,1997.0,"熊哥",32,"S2uRQwQV"
1894,1997.0,"邦德",16,"qV6KkPzn"
1895,1996.0,"只道是寻常",32,"ewBxNEUN"
1896,1996.0,"阿烨",64,"d7hQZhvm"
1897,1995.0,"小小灰灰",272,"MNQYePmF"
1898,1994.0,"guo707",64,"4FGgn1RB"
1899,1994.0,"东野归五",80,"WFs0x6PX"
1900,1994.0,"杰瑞",112,"CARkRPSP"
1901,1994.0,"追寻",144,"XLHjWZuT"
1902,1993.0,"liqiu",368,"1XuPrAzN"
1903,1993.0,"拾陆",464,"Y7snofsZ"
1904,1992.0,"zzzsk",32,"tqfvwHet"
1905,1992.0,"风雪奇缘",112,"iMKP4wM7"
1906,1991.0,"lingtong",816,"tQQHQKkQ"
1907,1991.0,"majongmaster",96,"hQxPJwha"
1908,1991.0,"ocean",48,"qeiK6bst"
1909,1991.0,"五分发挥de",304,"VwQwNtVr"
1910,1991.0,"凛风寒梅",176,"1NLS5ryR"
1911,1991.0,"逆光w",1104,"s8ck4w7B"
1912,1990.0,"tooru",16,"3Kedbo4M"
1913,1990.0,"东宫之主",3030,"qRKHdJwg"
1914,1990.0,"佟佟家",1799,"it9wrxxA"
1915,1990.0,"唐指导yestdy",768,"nN9G23fj"
1916,1990.0,"湖惑",16,"RDLCyYFc"
1917,1989.0,"LogY",256,"pSMrmEqy"
1918,1989.0,"alldxly",1846,"orX9Qach"
1919,1989.0,"kabidesu",528,"8SiX3Pzw"
1920,1989.0,"white",16,"WWkaNAkE"
1921,1989.0,"去去",416,"DWp12jRS"
1922,1989.0,"天天",112,"UWn3WXJe"
1923,1989.0,"旗客",1480,"f6b69pc3"
1924,1988.0,"YK712",272,"E51cci44"
1925,1988.0,"flw",192,"eEjgJdKP"
1926,1988.0,"卡夫卡卡摔",16,"M2wbK2oj"
1927,1988.0,"山丹丹开花",4013,"ENbgMfTU"
1928,1988.0,"星",144,"9DDA0NeT"
1929,1988.0,"渣男饼干",80,"tYR0zcAD"
1930,1988.0,"百千万",112,"eCrwZzy1"
1931,1987.0,"TouHouMar1sa",176,"KuQ5dG5s"
1932,1987.0,"erge",32,"b6Z9Kp3F"
1933,1987.0,"哼哈",16,"WzzxAbtV"
1934,1986.0,"Yu無礼",288,"dPNxcxjP"
1935,1986.0,"氟磺酸镍",2092,"9BhRSS3y"
1936,1985.0,"欧尼酱",592,"cxmHXc1k"
1937,1984.0,"ysrs",7361,"vM0qaWcU"
1938,1984.0,"天清一色",32,"kxBzfU3j"
1939,1984.0,"小白薯",40,"jyQLrb8u"
1940,1984.0,"憨猫凝心",192,"Y60341d7"
1941,1984.0,"摇摇猪",768,"L89sKzeD"
1942,1983.0,"红酒味汽水",160,"5bQMBkHV"
1943,1983.0,"苍落",301,"69bT9eEa"
1944,1983.0,"落樱焚雪",136,"RogchQsi"
1945,1982.0,"Eevee",420,"RcmL1zwY"
1946,1982.0,"夏羽泽",16,"kpUvGM1e"
1947,1982.0,"心中的太阳",208,"dKB8fYkx"
1948,1982.0,"火哥",4638,"UQwmdRqB"
1949,1982.0,"钅黑心村民",64,"h2qzfJny"
1950,1981.0,"Nowherecsb",368,"dB7PUNav"
1951,1981.0,"eth0",208,"kvLkXwQe"
1952,1981.0,"rainhard",16,"KGKZwtLk"
1953,1981.0,"suzuya",144,"w3MfoGsp"
1954,1981.0,"yjhjhhj",56,"j8wk3Z80"
1955,1981.0,"全大风风",728,"UrCNmh7f"
1956,1981.0,"幻独",144,"ckTUTtE0"
1957,1981.0,"拓",797,"MzR0kzLe"
1958,1980.0,"cx遇恒",640,"1zZFsaR7"
1959,1980.0,"英子刘梓鑫",192,"rEXvNsvE"
1960,1980.0,"鲤鱼号",80,"XT35gYx6"
1961,1979.0,"sauluo",128,"ChQZJf2s"
1962,1979.0,"涛",2702,"D7XwU4FV"
1963,1978.0,"HiramHe",240,"bvGpY4cm"
1964,1978.0,"xiao灰灰丶",80,"MJCjgzVT"
1965,1978.0,"喜欢做大牌",2704,"7rBc0Dtw"
1966,1978.0,"白鸟翔",432,"0evtNma3"
1967,1977.0,"MasterSun",16,"Kxq4Xxnm"
1968,1977.0,"ZJLee",336,"MePN06ca"
1969,1977.0,"兰克拉",48,"MqdUWg4s"
1970,1977.0,"红叶",152,"c6MWrL4X"
1971,1976.0,"ATTACKER75",224,"N2nzSTGs"
1972,1976.0,"Helen",208,"0dNeCjQx"
1973,1976.0,"michalek",96,"euJ2Q8kH"
1974,1976.0,"全求人",3984,"v1WMFNaR"
1975,1976.0,"羡鱼",192,"oa4XMMHT"
1976,1975.0,"和平",4132,"ZYD1UrLw"
1977,1975.0,"霸霸",6268,"4yeEFtvC"
1978,1974.0,"miaowind",400,"2ikDhyxf"
1979,1974.0,"三色同顺",400,"nfhq9uPS"
1980,1974.0,"祁连祈知",352,"Xgx98Vjp"
1981,1973.0,"Qaitq",112,"rbxMHGad"
1982,1973.0,"WE1RC",864,"wXy3UFM8"
1983,1973.0,"fmu小木",505,"wwE82vDj"
1984,1973.0,"jjh667",32,"kPCYq2M9"
1985,1973.0,"小黄",1432,"uL7d6bVj"
1986,1973.0,"张张进张",12674,"5jR4n2J1"
1987,1972.0,"Sherrylar",32,"LA484QSp"
1988,1972.0,"小1他",128,"QMVwy721"
1989,1972.0,"诗人哪",160,"7UBEAgRj"
1990,1971.0,"CuO",208,"8zQMgmVZ"
1991,1971.0,"dxm",16,"pyFmyLvx"
1992,1971.0,"kanzaki",48,"Kp4QoSaJ"
1993,1971.0,"kgrox",448,"3oC42fND"
1994,1971.0,"佰番shooter",5109,"NMaPwyJ4"
1995,1971.0,"竹夜卿",64,"MQQrCuby"
1996,1971.0,"雨沐沐",112,"EjdGPmKV"
1997,1971.0,"静巧",112,"f6Y4Yvi9"
1998,1970.0,"Choimoe",2536,"irfhv7y2"
1999,1970.0,"cyy",32,"w9Sd222M"
2000,1970.0,"ftedh",544,"XqF6EryU"
2001,1970.0,"不名",336,"0ZudhA9F"
2002,1970.0,"两间余一卒",16,"cKL7hA2f"
2003,1970.0,"后来",4144,"WKL1Tfxa"
2004,1969.0,"ChaosDon",2256,"hzUNxdM1"
2005,1969.0,"光军儿",320,"LiZHfm9D"
2006,1969.0,"可爱小灵梦",64,"A9rZHhCW"
2007,1969.0,"星间梦影",2785,"wKg16HYQ"
2008,1969.0,"白鳥汐音",240,"vaoqphft"
2009,1969.0,"铃声末响",2752,"mGrr7Nzc"
2010,1969.0,"饼饼饼饼",64,"ckWW4m69"
2011,1968.0,"自动点炮机",96,"BkA6uSQz"
2012,1967.0,"Hrl258",16,"x98yfduR"
2013,1967.0,"倪振民",272,"cXYfDrHE"
2014,1967.0,"路可王",48,"JwuDJ1WS"
2015,1967.0,"迷途",64,"KQ2cxJeu"
2016,1967.0,"雪梦可可豆",1124,"EGpNK57h"
2017,1966.0,"无名石头人",160,"dXRApKsV"
2018,1966.0,"玖骍",192,"i79CRb97"
2019,1965.0,"Peter",160,"j2omCvWb"
2020,1965.0,"Tin仔",32,"8upePrcW"
2021,1965.0,"杜双龙",112,"bJoA5uaY"
2022,1964.0,"Alola",480,"qnkWvHRj"
2023,1964.0,"Tilams",112,"gGLLiLj9"
2024,1964.0,"natsumikka",192,"HtfV1wsg"
2025,1964.0,"ypa",96,"35obkj8o"
2026,1964.0,"常陆茉子",16,"Xu4nZUfU"
2027,1963.0,"kk",1944,"PQkNFG8Y"
2028,1963.0,"晓白晓白晓",32,"cDvxHMPc"
2029,1962.0,"张丹丹",3312,"fEboMQ9F"
2030,1962.0,"拾肆",144,"hJpRrzp6"
2031,1961.0,"coco",112,"i76ApiRe"
2032,1961.0,"小傻子",782,"Xu1kxbx0"
2033,1961.0,"报告精华",48,"ftS0wcM5"
2034,1961.0,"逍遥游",64,"AgrUFLBA"
2035,1960.0,"PtF6",52,"gUUM22Cs"
2036,1960.0,"artemis",176,"R9uRj6Zn"
2037,1960.0,"jellyhi",224,"2kg03WCw"
2038,1960.0,"月曦",112,"nb2aezuC"
2039,1960.0,"青春的尾巴",640,"pm6Eet01"
2040,1959.0,"yukimurasaki",256,"DwzQp1eu"
2041,1959.0,"冰极风舞",48,"KAEci7bV"
2042,1959.0,"月与星空",178,"qj0PCLnV"
2043,1959.0,"桃子",160,"it6vF5Dh"
2044,1958.0,"下张自摸真君",176,"cFridtMX"
2045,1958.0,"时追喵",16,"bp5W5abk"
2046,1957.0,"Andy998",20,"XKyaiHUL"
2047,1957.0,"巧思",400,"x7em6Vnu"
2048,1957.0,"鸡龟",96,"6WxvDXmH"
2049,1956.0,"Wing",16,"e2a909Y8"
2050,1956.0,"灿丽花火",96,"L5TFwkPm"
2051,1956.0,"硅基生命",304,"EE9oXhie"
2052,1956.0,"美人就是美",1372,"3TKUTSSi"
2053,1956.0,"葫芦丶娃",2112,"JqmHDmLu"
2054,1955.0,"ninaelle",848,"wcYmmANs"
2055,1954.0,"Shawn",320,"XfRQaZJ0"
2056,1954.0,"sbyz",32,"47EUyJqb"
2057,1954.0,"小柒",368,"HxpeXUw5"
2058,1954.0,"就想摸摸鱼",3508,"EvK4NW8F"
2059,1953.0,"老邢",16,"MyHAXYfm"
2060,1951.0,"Yusaki",1664,"t5W8Y4f0"
2061,1951.0,"yuanzi",48,"CDkLjeQC"
2062,1951.0,"南风月明",256,"CQ2VL8qn"
2063,1951.0,"浩峰音乐",48,"G0st7fFn"
2064,1950.0,"mortal",336,"4Tt8bNpz"
2065,1950.0,"东东麻",4648,"V6vSpjXB"
2066,1950.0,"墨羽",585,"RwkLVuuX"
2067,1950.0,"大七星",72,"6qFNsamC"
2068,1950.0,"大炮",32,"2CbbA7R6"
2069,1950.0,"徐北",1652,"XKvaV6L7"
2070,1950.0,"独钓",10073,"aJEWDGHz"
2071,1950.0,"葛天帝",544,"Xqbn2vh8"
2072,1949.0,"LuckyGame",408,"UgP2siuP"
2073,1948.0,"随随便便",400,"VrqBiGkB"
2074,1947.0,"UsamiRenko",119,"S9iCjX25"
2075,1947.0,"太常淡省",236,"Y4Sotzch"
2076,1946.0,"Darker",1296,"Jyq12EVe"
2077,1946.0,"一叶菩提",407,"gdpBpA8A"
2078,1946.0,"幻遥",112,"vUcXNC49"
2079,1946.0,"青龙吟秋水",1072,"uaBoZrZb"
2080,1946.0,"魔鬼之魂",32,"DgR0Pw1B"
2081,1945.0,"DLM",152,"Hxsg8MoE"
2082,1945.0,"artrain",16,"RFBT64m1"
2083,1945.0,"lalulu",1520,"LSuFDceb"
2084,1945.0,"voncast",768,"uxJA8x49"
2085,1945.0,"早哥",448,"EjaEnsRb"
2086,1944.0,"吃我五对子",192,"eg3LSUEh"
2087,1944.0,"封兽鵺",2073,"B1n3oSju"
2088,1943.0,"Sky",32,"M2zcvwrJ"
2089,1943.0,"Tortov",256,"BDBfULip"
2090,1943.0,"bagua",336,"hcgjZYih"
2091,1943.0,"渡鸟",64,"6j7RQdsj"
2092,1943.0,"潮汐獵人",224,"0VibRVqj"
2093,1942.0,"Aspartic11",176,"VVqXCfi5"
2094,1942.0,"ikun",48,"wzi9x9de"
2095,1942.0,"十二归一七对",444,"JJqsQYWt"
2096,1942.0,"陌",1477,"SQh4p0T6"
2097,1941.0,"木木",72,"QmAfUUvQ"
2098,1941.0,"猫记饭团",240,"T82V8yJZ"
2099,1940.0,"humory",80,"wAyMaycr"
2100,1940.0,"兰姐",656,"nV12B9ag"
2101,1940.0,"闲月",336,"0bVuU6CF"
2102,1939.0,"静座",112,"E3DjUhp8"
2103,1938.0,"Fayehe",128,"9a02vSXC"
2104,1938.0,"柯西不再忧伤",16,"413t3W25"
2105,1938.0,"正气明凝",64,"YVdBGc8y"
2106,1937.0,"Xiaopp",64,"x2PCxwjh"
2107,1937.0,"xunshan",856,"5vner37R"
2108,1936.0,"往事随风",6652,"AsDUCA8r"
2109,1936.0,"添真",16,"HwGQMSmz"
2110,1936.0,"祈桜",1072,"k3MTrvoz"
2111,1935.0,"Alonso",144,"qBDeBynu"
2112,1935.0,"sanse",544,"ePzzsoEy"
2113,1935.0,"元原园神",2592,"DaH1ZHPn"
2114,1934.0,"Lorvain",288,"CqJ7s6ba"
2115,1934.0,"qyjwty",176,"argfbRZp"
2116,1933.0,"JerryK",160,"JDr5xLwm"
2117,1933.0,"初雪",64,"8woSMGd0"
2118,1933.0,"北北北北",224,"PeeRiDy0"
2119,1933.0,"满月",8,"BPZgorNg"
2120,1932.0,"地底探险",592,"s7RtEca9"
2121,1932.0,"方方",3096,"a0iprZGR"
2122,1931.0,"楚天危楼独倚",176,"LnM55tmc"
2123,1930.0,"Schubert",1504,"TSdbHMvu"
2124,1929.0,"连八对",208,"cXF12fH3"
2125,1928.0,"lhwayne",4872,"XN6NCw6k"
2126,1927.0,"百敌针鱼",32,"m3Kx7QxC"
2127,1926.0,"luoshen",496,"hakyD238"
2128,1926.0,"安宇枫",648,"NB9j9bjA"
2129,1926.0,"晚终",109,"WkbcDEfo"
2130,1926.0,"梓雪",208,"HzoSUtm9"
2131,1926.0,"魔鬼上路",96,"iKRU6qvP"
2132,1925.0,"土豆豆鸭",1052,"ABPn52w2"
2133,1925.0,"黑道代打つ",304,"WF5AuNDv"
2134,1924.0,"FelixCs",84,"QyQhdFav"
2135,1924.0,"ouyousou",400,"ch7NYXFY"
2136,1924.0,"出道即巅峰",656,"33iqryDs"
2137,1924.0,"我想静静",233,"3h46aiUk"
2138,1924.0,"玖月",136,"Z6xNxuct"
2139,1923.0,"Pius",16,"2uP04paA"
2140,1923.0,"Yerin0626",592,"HBoBAkdd"
2141,1923.0,"专打萧寒",432,"0m3sDQdV"
2142,1923.0,"咕咕咕咕",1360,"e2aANr7P"
2143,1922.0,"云糜",176,"6EUpCC22"
2144,1922.0,"昏睡茄茄",24,"vDito3gK"
2145,1922.0,"蒹葭",96,"kzrwbrys"
2146,1922.0,"阳光男孩",232,"gquCA07V"
2147,1921.0,"妙也",320,"LG93vVCX"
2148,1920.0,"CBNgan",256,"nAe2K6EB"
2149,1920.0,"李风乐",3120,"vY5XtmdC"
2150,1920.0,"璃茉",240,"eSCJbQK8"
2151,1919.0,"sugawara",800,"BUaxt8Nj"
2152,1919.0,"棠九",32,"Crsu1vks"
2153,1919.0,"白羽寒",192,"NxFjrh5c"
2154,1919.0,"祈慕斯",1312,"N9GcFwXc"
2155,1919.0,"赵秋雨",432,"JYguFcSS"
2156,1919.0,"酒巷清风",176,"2N9YvRrL"
2157,1918.0,"coword",32,"JCiH6dcG"
2158,1917.0,"婚庆老戴",96,"fvMnH8Tg"
2159,1916.0,"Fred460",272,"W3cyoKRf"
2160,1916.0,"天唉唉",112,"35rbyvH1"
2161,1916.0,"逍遥星空",224,"hVscAU70"
2162,1915.0,"小星星星君",64,"nPznVYir"
2163,1915.0,"陈光耀cgy",1087,"2c0amVmu"
2164,1914.0,"Felix",616,"5tuv6PjJ"
2165,1914.0,"NCO",384,"J5rVZqNg"
2166,1914.0,"Vorak",292,"Ad3HYpVp"
2167,1914.0,"深圳柿子吉他",288,"3vptHSAn"
2168,1913.0,"技零运十",256,"WMCmCJJx"
2169,1912.0,"爪哇龟",480,"HqBUWNbz"
2170,1911.0,"N519",1145,"sRRkTtnt"
2171,1911.0,"派蒙",80,"P980PMpU"
2172,1910.0,"学霸小黑",24,"awx9yazj"
2173,1910.0,"音樂",16,"ZxBnj6zu"
2174,1909.0,"Lily0818",32,"LYwArUVx"
2175,1909.0,"清風不歸客",496,"7zYyZMP7"
2176,1909.0,"神奇的飞菊",1376,"kxF1GN6J"
2177,1908.0,"不会国标",272,"SJZ7M3Zd"
2178,1908.0,"麻将预防痴呆",420,"11e1EiDi"
2179,1907.0,"Hinson",1472,"8i3nrJ3J"
2180,1907.0,"吃了再日",528,"FDEPgwKH"
2181,1907.0,"小能摊手",225,"vvGSNiJ8"
2182,1907.0,"柒分",256,"hCgqANjX"
2183,1907.0,"青椒牛肚炒饭",5317,"ggHEBU5F"
2184,1906.0,"取名废",1360,"Bc8Fs5Ng"
2185,1905.0,"lidai",2856,"qd8YwnsG"
2186,1905.0,"凤梨酥xxx",128,"EmZ2kHam"
2187,1905.0,"牌搭子",288,"hrao1VWQ"
2188,1904.0,"ad2",32,"BR6vytP6"
2189,1904.0,"hong",3312,"7wCrgqA3"
2190,1904.0,"不羁的峰",528,"rHCyPfJe"
2191,1902.0,"啊正本正",812,"1vMRXURP"
2192,1902.0,"小熊老师丶安",192,"Ci5MXJ1g"
2193,1901.0,"我是好人",2425,"gtH1uzUf"
2194,1900.0,"xlfd",32,"CxupeoBw"
2195,1899.0,"好想线下国标",96,"KZvjmCXd"
2196,1899.0,"就说小伙路过",2560,"HhUQ7FZu"
2197,1899.0,"雪华yukivv",432,"gNPPoH3K"
2198,1898.0,"小武",48,"VHwjwYUB"
2199,1898.0,"着相",4146,"1YzCThjc"
2200,1898.0,"阿杰",208,"ZZiE30wE"
2201,1897.0,"三横一棵树",48,"fynnaWHo"
2202,1897.0,"北岸之春",32,"W90Dfd4N"
2203,1897.0,"夜雨桥",80,"bV4Cd0TW"
2204,1897.0,"沉默的西风",288,"3o92Rnek"
2205,1895.0,"lifeline",688,"uozop2mg"
2206,1895.0,"山猫",128,"jBco4LXQ"
2207,1895.0,"慕容彰",84,"e8ekTZtn"
2208,1895.0,"燚飞扬",1520,"n297tGMb"
2209,1895.0,"衣昊",16,"g7YpCiYw"
2210,1894.0,"江大麻将AI",272,"Z8p1tU08"
2211,1894.0,"渣宝",176,"vvbbAy6o"
2212,1893.0,"杠上补花错和",512,"JMSp7kHo"
2213,1892.0,"ChloeZ",624,"RxR8iXhv"
2214,1892.0,"蜗牛",640,"wwH9eo5t"
2215,1891.0,"小白ali",520,"a8fR0t6a"
2216,1891.0,"格喵不是巫师",352,"DC4d96s6"
2217,1891.0,"欧偷袭圣手",2248,"bbCA4xwh"
2218,1891.0,"空Jian",48,"0qcgMWNp"
2219,1890.0,"BLG首席打野",64,"fnF1skz0"
2220,1890.0,"一1四五14",2953,"SWFcv3hw"
2221,1889.0,"绿一色LLFF",64,"oU2aLoG8"
2222,1888.0,"crp233",848,"NVCZy4dA"
2223,1886.0,"間奏0721秒",112,"CrpsR32P"
2224,1885.0,"nyp",16,"E4hTpT6j"
2225,1885.0,"shentes",224,"gJyQtben"
2226,1885.0,"zzrdfq",16,"HHPzBxXj"
2227,1884.0,"本智",48,"VbFogs61"
2228,1883.0,"DankratosBR",1096,"v9bDudDG"
2229,1883.0,"八番就好",912,"iBmPwvcE"
2230,1883.0,"木叶",128,"XT67HRpF"
2231,1883.0,"甜蜜桃花",240,"4VPt9JyS"
2232,1882.0,"milkdragon",128,"83m9fnJg"
2233,1881.0,"不爱飞的雕",384,"5phizyWP"
2234,1881.0,"八云紫幽幽子",528,"Qiw8c5zn"
2235,1880.0,"一叶知秋",1024,"fG93v8vM"
2236,1880.0,"汐楚三月",288,"Jg8AQU6v"
2237,1879.0,"人间受难日",4,"kVL87ySB"
2238,1879.0,"坎坷苦",1222,"Naqtz47A"
2239,1878.0,"组组组组合龙",48,"1cQav6Pv"
2240,1878.0,"蒜蓉咖啡",168,"5RoPDERg"
2241,1877.0,"克兰娜德",320,"xTbrFhUC"
2242,1876.0,"lynchblax84",48,"UyqaAV21"
2243,1876.0,"元喜莲",3703,"9vtPGqbW"
2244,1875.0,"发生什么事了",240,"NBtXbSRv"
2245,1874.0,"Heisenberg",104,"H8NCG3Vh"
2246,1874.0,"kaorukoL0Ve",16,"Xgu7Xcsf"
2247,1874.0,"举个栗子",4188,"g5eYUHbf"
2248,1873.0,"Chaojisamoye",635,"Xzs5c5KM"
2249,1873.0,"zerozeng",5120,"Fh6aPMrr"
2250,1872.0,"仔恒",48,"o909R8D3"
2251,1872.0,"音律",3989,"rRaMLTW1"
2252,1871.0,"Acylation",96,"9wW9ta5i"
2253,1870.0,"tempestkou",136,"KjXhjigo"
2254,1869.0,"Matter",1280,"wGBzC2Q6"
2255,1869.0,"Randy",5965,"dHFNK1eM"
2256,1869.0,"念起觉迟",1536,"sTMWpQuU"
2257,1868.0,"时尚",1560,"gozxpEsQ"
2258,1868.0,"泠依喵",80,"f2PFpj3M"
2259,1867.0,"小蚊子",2624,"Vznv4M02"
2260,1867.0,"错和流雀士",16,"NtqjZLRv"
2261,1866.0,"rkcd",16,"CQ5VZKz0"
2262,1865.0,"梅梅梅梅",2224,"5PV5hCdC"
2263,1864.0,"wqy",64,"XPa59zgQ"
2264,1863.0,"okay",32,"WWobz4np"
2265,1862.0,"巧克力",1168,"ayxTY7Su"
2266,1861.0,"Inory",80,"mWDikux5"
2267,1861.0,"sfsniper",964,"2h8xw2kz"
2268,1861.0,"中島由貴",1280,"3MAN9jMV"
2269,1861.0,"傻哥哥",16955,"BT5iwHMr"
2270,1860.0,"青萍",360,"aRrC0yV3"
2271,1859.0,"记得快快的",68,"0vW2Q4cJ"
2272,1859.0,"踩踩背",32,"61wm8kKa"
2273,1859.0,"送分达人",560,"PFFahHJo"
2274,1857.0,"Rainudenya",16,"Fkay3yYS"
2275,1856.0,"我爱看评论",208,"mLNtEr9C"
2276,1854.0,"Oracle",160,"Eo6GvKtY"
2277,1854.0,"小黑白",560,"QhUwG7r3"
2278,1854.0,"抱米花哦",256,"vWZoKqL4"
2279,1852.0,"絲絲",1847,"1LphXvXc"
2280,1852.0,"饼蛙",16,"FFaBq3hN"
2281,1850.0,"zozoko",16,"WnANP4rq"
2282,1850.0,"山浩然",3472,"JpG3GvUh"
2283,1850.0,"狂吃狂日",1352,"mbDVD5wV"
2284,1849.0,"sm",352,"Z4yb0UK2"
2285,1849.0,"茜空",96,"3TGSrYYp"
2286,1848.0,"吾愿汝",576,"NDpHwyPq"
2287,1847.0,"amyhu",1052,"cPUv2g7C"
2288,1847.0,"luocl",216,"jjL90eM6"
2289,1847.0,"我爱咋打咋打",80,"Czv7DJUg"
2290,1846.0,"KCN",1030,"v7dxx0Ei"
2291,1846.0,"ツィさん",16,"PYZT5n2n"
2292,1845.0,"亲亲要乐奈",681,"taKgX4SN"
2293,1844.0,"vicky",960,"Bk75HYX5"
2294,1843.0,"清心",80,"KjUhWXYa"
2295,1843.0,"黑白色",48,"4dV6ZuGW"
2296,1842.0,"上帝肥嘟嘟",64,"8i0mERB9"
2297,1842.0,"当红辣子君",5104,"iNr7dseF"
2298,1840.0,"沧九",560,"7snsn9ww"
2299,1839.0,"嘻嘻哈哈",3232,"uJAM8yXA"
2300,1839.0,"在摸鱼中",844,"SrCi4GGJ"
2301,1839.0,"意凉",16,"MUVVt8L5"
2302,1838.0,"player123456",96,"ffsTG3Ld"
2303,1838.0,"说说",448,"pwL0cppM"
2304,1838.0,"风灵",896,"5MZKLgMw"
2305,1837.0,"Alphabeb",608,"9qRCeqWt"
2306,1835.0,"徐北to",3904,"SCJkv06C"
2307,1834.0,"jddr",16,"UUQkmJDG"
2308,1834.0,"伽罗妹妹",1220,"9N1nBhYG"
2309,1834.0,"封剑",16,"Gxx9Kgi4"
2310,1833.0,"TinkerBell",16,"VDGWpL8v"
2311,1830.0,"七七yaa",112,"crgJv96X"
2312,1830.0,"山不言",336,"dgwTzQQX"
2313,1830.0,"雪豹",848,"VFzVMbnX"
2314,1829.0,"Xx33272",16,"BEguRBb1"
2315,1829.0,"hamburger",256,"D8bcdY0h"
2316,1828.0,"x5y6",32,"gaLBHbsU"
2317,1828.0,"人菜瘾大",16,"YfEW1Thk"
2318,1828.0,"垒浮云",32,"7rEdc7nq"
2319,1828.0,"日晕月华KBG",176,"Fn6hcuqa"
2320,1826.0,"江鸟",1166,"eNVnJdpL"
2321,1825.0,"guanzhu",976,"ohqbyg3U"
2322,1824.0,"尘世",704,"KSCgknDU"
2323,1823.0,"brilliant",36,"4Y0oUozg"
2324,1822.0,"qxbk",32,"dTu8gsQY"
2325,1820.0,"liahnu",4,"mLKrdxFJ"
2326,1819.0,"相约四季",2576,"hia4SDXd"
2327,1818.0,"老杨的小可爱",320,"psBDGJtV"
2328,1817.0,"赖格宝",320,"XZB38WRH"
2329,1815.0,"吴三牛",3517,"m4hLBbnc"
2330,1813.0,"呜喵喵喵恒",64,"tGq7cRSb"
2331,1811.0,"猫猫头嘤嘤嘤",32,"Wkedq8iN"
2332,1809.0,"倚楼听风雨",32,"8p8LYLgU"
2333,1809.0,"墨辰",208,"dvnVqUL5"
2334,1809.0,"金瓜皮子",800,"048BFJWk"
2335,1807.0,"Pluis",528,"136jBmeh"
2336,1807.0,"satomi",32,"TUZMdtbT"
2337,1807.0,"黎黎",1022,"DqrRyPBA"
2338,1803.0,"池州老赵",16,"m6a4wE8z"
2339,1801.0,"Jing",80,"n2C9V954"
2340,1798.0,"上吉",16,"8wkQkNaR"
2341,1793.0,"AmaneCh",504,"skX7rM5H"
2342,1791.0,"渋勍",1388,"9wZBVTzc"
2343,1790.0,"只打萧寒",288,"mGusjGtW"
2344,1789.0,"HZ",1840,"KsYShhRF"
2345,1789.0,"QYC616",1440,"jo2hg6aq"
2346,1789.0,"翔鹰",7248,"up2qQvV9"
2347,1788.0,"Flygon",160,"CXhCjiu0"
2348,1788.0,"huer",248,"FeW2CuNS"
2349,1788.0,"开心",192,"PYp63kHH"
2350,1787.0,"littleWeber",288,"7WK0HdLC"
2351,1787.0,"西楚霸王某某",544,"CBxUzKjX"
2352,1784.0,"icrua0alskjs",829,"rEUtn0Bm"
2353,1783.0,"Colanya",148,"cuMQhJWm"
2354,1781.0,"仰望星空派",1408,"UxLMcKk4"
2355,1781.0,"崽崽子哟",896,"uGecb2E2"
2356,1780.0,"ua",304,"S6AoT3Cj"
2357,1780.0,"李早苗",608,"FkdzfrFv"
2358,1779.0,"明石",16,"U0xz0VG1"
2359,1778.0,"夜雨声烦",128,"7wFrv2Uh"
2360,1778.0,"孤山战士",208,"t7NtGi1N"
2361,1777.0,"佐々木寿人",160,"9txEnGoQ"
2362,1774.0,"阿尔及尔人",80,"Zsf634Xy"
2363,1771.0,"低调玩家",16,"tQTHdY43"
2364,1768.0,"山嶺之花",32,"SFqo2SNj"
2365,1765.0,"rainbow369",928,"j5Ti9K1S"
2366,1765.0,"spmagic",472,"bFM2LTRH"
2367,1760.0,"dorie",336,"AK6rU8nh"
2368,1759.0,"紫翅",768,"gCtTerVE"
2369,1755.0,"cslp",224,"1NZZ42UM"
2370,1755.0,"幻尘",2144,"498khkXF"
2371,1754.0,"一色三龙会",592,"6heiTbUV"
2372,1754.0,"月下祈木木",688,"Ei82Svke"
2373,1751.0,"Jenceses",640,"27Zy49fy"
2374,1751.0,"Kayla773",552,"ozHE1uNi"
2375,1751.0,"振玉",1928,"FoEZE1eg"
2376,1748.0,"皮卡丘欣",144,"4M5WpNm9"
2377,1747.0,"pyy",272,"oNyKS0Qm"
2378,1747.0,"臣服",2591,"wfWMTBmN"
2379,1745.0,"浮生小朋友",5280,"RrPD5g0E"
2380,1742.0,"梁森",672,"WpoRAeeE"
2381,1741.0,"地狱火的挽歌",2664,"pnx9Pmhp"
2382,1733.0,"YstarXing",462,"DQg3amMY"
2383,1728.0,"odd",4548,"7q9obtYX"
2384,1727.0,"花顺双抽",1002,"0nBhSr11"
2385,1721.0,"GBAWA",409,"6GL3KkZB"
2386,1721.0,"quzer",2420,"edJWWmnY"
2387,1719.0,"龍龍想你了",458,"3ZM2BbSf"
2388,1718.0,"佤熙紫",176,"X83hMnLt"
2389,1708.0,"a16",80,"8ncbzQEf"
2390,1707.0,"SansGotLazy",176,"WrnZuPsv"
2391,1698.0,"雅屁",2056,"eZsMNe32"
2392,1696.0,"lan666",544,"kHrQ27c0"
2393,1691.0,"初阳",480,"vsweEaV1"
2394,1679.0,"TNTzhakiller",96,"aGECembx"
2395,1675.0,"紫魔狐",1275,"6qJQUUon"
2396,1673.0,"夜幕遮星",336,"cZrwNAUi"
2397,1664.0,"CregChain",584,"HdNztew1"
2398,1663.0,"休息1下玩1会",1916,"Uenn5pAV"
2399,1662.0,"董家渡",669,"9bvqefWQ"
2400,1656.0,"nanuo3331",1056,"aKmEnCjo"
2401,1656.0,"风语",1088,"6UKr3Fxb"
2402,1651.0,"Falcao",488,"232GP8zA"
2403,1642.0,"rcbar",1088,"ZvFeDYc5"
2404,1613.0,"刘十三",2613,"aaybYNaa"
2405,1604.0,"余歌",2232,"PPEnGmrM"
2406,1600.0,"Weldony",3128,"9QjkjzCd"
2407,1599.0,"温柔的光",1602,"r9bAXaNh"
2408,1593.0,"灰色轨迹",1812,"p8oAALgB"
2409,1582.0,"知不可乎",416,"TGizZC7w"
2410,1578.0,"Charlotte",2996,"CKziAhsd"
2411,1577.0,"周平",14256,"NVFbZxLe"
2412,1546.0,"W凌焱",742,"fJ4qFg1x"
2413,1508.0,"gadfly0512",480,"B9iexnT7"
2414,1506.0,"t2004",3066,"KEUgag4X"
2415,1489.0,"孟丽莉",1858,"5Zp5QqGE"
2416,1484.0,"秋玲",5300,"g4siRZjQ"
2417,1422.0,"nsbs",592,"cAyMbK82"
2418,1382.0,"长风",5720,"X1yk82BL"
2419,1370.0,"悲秋客",516,"iGi8oDap"
2420,1233.0,"管家婆",1360,"dDpzscqN"
2421,1101.0,"大哥大的小弟",2664,"n9yE6Tr5"
2422,1069.0,"yz",1600,"A02C12Yf"
